STREET_ID,DATE_ID,date,year,quarter,month,ZONE_ID,zone,CRIME_ID,crime,type,NPU_ID,npu,number
1,505,2010-05-20,2010,2,May,54,1,3,BURGLARY-RESIDENCE,house_number,58,K,101401604
1,534,2010-06-18,2010,2,June,1,1,1,LARCENY-NON VEHICLE,house_number,1,L,101690339
1,1269,2012-06-22,2012,2,June,63,1,1,LARCENY-NON VEHICLE,house_number,72,K,121740757
2,80,2009-03-21,2009,1,March,40,5,7,LARCENY-FROM VEHICLE,amenity,33,M,90801573
2,177,2009-06-26,2009,2,June,68,1,6,BURGLARY-NONRES,house_number,27,H,91770808
2,201,2009-07-20,2009,3,July,2,4,3,BURGLARY-RESIDENCE,house_number,2,I,92011734
2,598,2010-08-21,2010,3,August,68,1,1,LARCENY-NON VEHICLE,house_number,27,H,102330695
2,880,2011-05-30,2011,2,May,40,5,7,LARCENY-FROM VEHICLE,amenity,33,M,111500329
2,1110,2012-01-15,2012,1,January,30,1,3,BURGLARY-RESIDENCE,house_number,148,I,120152087
2,1810,2013-12-15,2013,4,December,2,4,1,LARCENY-NON VEHICLE,house_number,2,I,133492079
2,1845,2014-01-19,2014,1,January,2,4,11,ROBBERY-PEDESTRIAN,house_number,2,I,140192099
2,1860,2014-02-03,2014,1,February,25,4,1,LARCENY-NON VEHICLE,house_number,27,H,140341776
2,1996,2014-06-19,2014,2,June,30,1,15,LARCENY-NON VEHICLE,amenity,148,I,141701231
2,2361,2015-06-19,2015,2,June,68,1,2,AUTO THEFT,house_number,27,H,151701739
2,2531,2015-12-06,2015,4,December,2,4,1,LARCENY-NON VEHICLE,house_number,2,I,153401540
2,2582,2016-01-26,2016,1,January,2,4,3,BURGLARY-RESIDENCE,house_number,2,I,160262136
3,881,2011-05-31,2011,2,May,50,3,3,BURGLARY-RESIDENCE,house_number,54,V,111511374
3,1778,2013-11-13,2013,4,November,3,3,2,AUTO THEFT,house_number,3,V,133171479
3,1855,2014-01-29,2014,1,January,3,3,4,LARCENY-FROM VEHICLE,house_number,3,V,140290665
3,2708,2016-05-31,2016,2,May,50,3,3,BURGLARY-RESIDENCE,house_number,54,V,161521228
4,1812,2013-12-17,2013,4,December,8,1,11,ROBBERY-PEDESTRIAN,house_number,8,J,133512824
4,1841,2014-01-15,2014,1,January,4,1,3,BURGLARY-RESIDENCE,house_number,4,J,140151216
4,2529,2015-12-04,2015,4,December,4,1,20,AUTO THEFT,amenity,4,J,153382082
5,2630,2016-03-14,2016,1,March,5,3,2,AUTO THEFT,house_number,87,Z,160740647
5,2890,2016-11-29,2016,4,November,5,3,1,LARCENY-NON VEHICLE,house_number,5,Z,163341066
6,942,2011-07-31,2011,3,July,6,6,4,LARCENY-FROM VEHICLE,house_number,6,F,112120712
7,276,2009-10-03,2009,4,October,66,2,7,LARCENY-FROM VEHICLE,amenity,7,F,92761485
7,737,2011-01-07,2011,1,January,66,2,22,LARCENY-FROM VEHICLE,shop,56,F,110070937
7,2354,2015-06-12,2015,2,June,7,2,5,LARCENY-FROM VEHICLE,building,7,F,151633091
7,2506,2015-11-11,2015,4,November,7,2,22,LARCENY-FROM VEHICLE,shop,7,F,153152649
8,829,2011-04-09,2011,2,April,8,1,3,BURGLARY-RESIDENCE,house_number,8,J,110991448
8,1961,2014-05-15,2014,2,May,8,1,37,RAPE,house_number,8,J,141352246
9,1168,2012-03-13,2012,1,March,29,3,3,BURGLARY-RESIDENCE,house_number,31,Z,120730579
9,1181,2012-03-26,2012,1,March,9,3,1,LARCENY-NON VEHICLE,house_number,9,X,120861065
9,2328,2015-05-17,2015,2,May,29,3,3,BURGLARY-RESIDENCE,house_number,31,Z,151370658
10,2155,2014-11-25,2014,4,November,10,1,3,BURGLARY-RESIDENCE,house_number,10,K,143291846
11,1535,2013-03-15,2013,1,March,11,1,3,BURGLARY-RESIDENCE,house_number,11,I,130741306
12,1042,2011-11-08,2011,4,November,23,6,7,LARCENY-FROM VEHICLE,amenity,44,N,113122330
12,1049,2011-11-15,2011,4,November,12,6,6,BURGLARY-NONRES,house_number,12,M,113190424
12,1565,2013-04-14,2013,2,April,12,6,15,LARCENY-NON VEHICLE,amenity,12,M,131040238
12,1862,2014-02-05,2014,1,February,12,6,25,ROBBERY-PEDESTRIAN,amenity,12,M,140362805
12,2766,2016-07-28,2016,3,July,12,6,15,LARCENY-NON VEHICLE,amenity,12,M,162100142
12,2899,2016-12-08,2016,4,December,12,6,25,ROBBERY-PEDESTRIAN,amenity,12,M,163430108
13,418,2010-02-22,2010,1,February,13,4,2,AUTO THEFT,house_number,13,T,100530473
13,512,2010-05-27,2010,2,May,33,4,18,LARCENY-NON VEHICLE,shop,13,T,101471497
13,1119,2012-01-24,2012,1,January,13,4,3,BURGLARY-RESIDENCE,house_number,13,T,120242543
13,1232,2012-05-16,2012,2,May,33,4,18,LARCENY-NON VEHICLE,shop,13,T,121372540
13,1505,2013-02-13,2013,1,February,13,4,1,LARCENY-NON VEHICLE,house_number,13,T,130441619
13,2910,2016-12-19,2016,4,December,33,4,3,BURGLARY-RESIDENCE,house_number,13,T,163541246
14,305,2009-11-01,2009,4,November,14,4,16,AUTO THEFT,shop,14,P,93050182
14,1946,2014-04-30,2014,2,April,14,4,7,LARCENY-FROM VEHICLE,amenity,14,P,141200013
14,2671,2016-04-24,2016,2,April,14,4,15,LARCENY-NON VEHICLE,amenity,14,P,161151995
15,1271,2012-06-24,2012,2,June,15,6,8,ROBBERY-PEDESTRIAN,shop,15,O,121761610
15,2103,2014-10-04,2014,4,October,15,6,7,LARCENY-FROM VEHICLE,amenity,15,O,142771538
16,1547,2013-03-27,2013,1,March,16,5,4,LARCENY-FROM VEHICLE,house_number,16,E,130860861
17,42,2009-02-11,2009,1,February,17,6,3,BURGLARY-RESIDENCE,house_number,17,O,90421754
18,769,2011-02-08,2011,1,February,10,1,7,LARCENY-FROM VEHICLE,amenity,18,T,110392399
18,1127,2012-02-01,2012,1,February,10,1,4,LARCENY-FROM VEHICLE,house_number,10,K,120322142
18,1490,2013-01-29,2013,1,January,1,1,1,LARCENY-NON VEHICLE,house_number,1,L,130291331
18,1912,2014-03-27,2014,1,March,1,1,1,LARCENY-NON VEHICLE,house_number,1,L,140862642
18,1926,2014-04-10,2014,2,April,1,1,1,LARCENY-NON VEHICLE,house_number,1,L,141002459
18,1964,2014-05-18,2014,2,May,1,1,1,LARCENY-NON VEHICLE,house_number,1,L,141381245
19,572,2010-07-26,2010,3,July,18,3,1,LARCENY-NON VEHICLE,house_number,19,Y,102071805
20,1018,2011-10-15,2011,4,October,19,4,2,AUTO THEFT,house_number,20,R,112882255
21,1782,2013-11-17,2013,4,November,20,1,1,LARCENY-NON VEHICLE,house_number,21,G,133210253
22,1915,2014-03-30,2014,1,March,21,6,2,AUTO THEFT,house_number,22,W,140890777
23,645,2010-10-07,2010,4,October,18,3,3,BURGLARY-RESIDENCE,house_number,23,Y,102802202
24,1425,2012-11-25,2012,4,November,22,4,1,LARCENY-NON VEHICLE,house_number,24,P,123301160
25,311,2009-11-07,2009,4,November,74,6,15,LARCENY-NON VEHICLE,amenity,74,M,93111970
25,824,2011-04-04,2011,2,April,16,5,5,LARCENY-FROM VEHICLE,building,16,E,110942246
25,1104,2012-01-09,2012,1,January,74,6,4,LARCENY-FROM VEHICLE,house_number,74,M,120090959
25,1269,2012-06-22,2012,2,June,23,6,4,LARCENY-FROM VEHICLE,house_number,25,N,121742331
25,1913,2014-03-28,2014,1,March,56,5,18,LARCENY-NON VEHICLE,shop,16,E,140872223
25,2172,2014-12-12,2014,4,December,23,6,4,LARCENY-FROM VEHICLE,house_number,25,N,143462476
25,2500,2015-11-05,2015,4,November,74,6,18,LARCENY-NON VEHICLE,shop,74,M,153093455
25,2924,2017-01-02,2017,1,January,6,6,15,LARCENY-NON VEHICLE,amenity,6,F,170021275
26,1422,2012-11-22,2012,4,November,24,1,4,LARCENY-FROM VEHICLE,house_number,26,L,123270279
27,1493,2013-02-01,2013,1,February,26,1,4,LARCENY-FROM VEHICLE,house_number,28,T,130320876
28,2010,2014-07-03,2014,3,July,27,2,1,LARCENY-NON VEHICLE,house_number,29,B,141841171
29,50,2009-02-19,2009,1,February,28,3,2,AUTO THEFT,house_number,30,X,90500520
29,2339,2015-05-28,2015,2,May,28,3,2,AUTO THEFT,house_number,30,X,151480961
30,1168,2012-03-13,2012,1,March,29,3,3,BURGLARY-RESIDENCE,house_number,31,Z,120731495
31,337,2009-12-03,2009,4,December,30,1,3,BURGLARY-RESIDENCE,house_number,32,J,93371654
31,2388,2015-07-16,2015,3,July,30,1,9,ROBBERY-RESIDENCE,house_number,32,J,151970609
32,575,2010-07-29,2010,3,July,13,4,3,BURGLARY-RESIDENCE,house_number,13,T,102100554
33,119,2009-04-29,2009,2,April,49,5,36,LARCENY-NON VEHICLE,tourism,33,M,91191455
33,386,2010-01-21,2010,1,January,49,5,12,LARCENY-FROM VEHICLE,road,33,M,100212061
33,516,2010-05-31,2010,2,May,60,5,7,LARCENY-FROM VEHICLE,amenity,95,E,101510230
33,1214,2012-04-28,2012,2,April,31,5,7,LARCENY-FROM VEHICLE,amenity,33,M,121192708
33,1637,2013-06-25,2013,2,June,49,5,14,LARCENY-NON VEHICLE,building,33,M,131761501
33,2524,2015-11-29,2015,4,November,31,5,57,BURGLARY-NONRES,tourism,33,M,153330916
33,2885,2016-11-24,2016,4,November,60,5,1,LARCENY-NON VEHICLE,house_number,95,E,163291448
34,1996,2014-06-19,2014,2,June,18,3,3,BURGLARY-RESIDENCE,house_number,23,Y,141701491
35,2559,2016-01-03,2016,1,January,22,4,10,AGG ASSAULT,house_number,34,P,160031509
36,683,2010-11-14,2010,4,November,32,6,4,LARCENY-FROM VEHICLE,house_number,82,W,103180961
36,1063,2011-11-29,2011,4,November,32,6,3,BURGLARY-RESIDENCE,house_number,35,W,113330641
37,2510,2015-11-15,2015,4,November,33,4,11,ROBBERY-PEDESTRIAN,house_number,13,T,153192027
38,1517,2013-02-25,2013,1,February,4,1,2,AUTO THEFT,house_number,4,J,130560308
39,1040,2011-11-06,2011,4,November,34,3,1,LARCENY-NON VEHICLE,house_number,36,Y,113100808
40,2472,2015-10-08,2015,4,October,35,3,6,BURGLARY-NONRES,house_number,37,Z,152811408
41,2167,2014-12-07,2014,4,December,15,6,12,LARCENY-FROM VEHICLE,road,15,O,143412174
42,130,2009-05-10,2009,2,May,26,1,3,BURGLARY-RESIDENCE,house_number,28,T,91300001
42,421,2010-02-25,2010,1,February,26,1,4,LARCENY-FROM VEHICLE,house_number,28,T,100562247
43,30,2009-01-30,2009,1,January,56,5,15,LARCENY-NON VEHICLE,amenity,16,E,90301247
43,120,2009-04-30,2009,2,April,56,5,15,LARCENY-NON VEHICLE,amenity,16,E,91201095
43,281,2009-10-08,2009,4,October,56,5,4,LARCENY-FROM VEHICLE,house_number,16,E,92812464
43,456,2010-04-01,2010,2,April,36,5,7,LARCENY-FROM VEHICLE,amenity,16,E,100911691
43,1128,2012-02-02,2012,1,February,56,5,7,LARCENY-FROM VEHICLE,amenity,16,E,120331361
44,1652,2013-07-10,2013,3,July,37,4,4,LARCENY-FROM VEHICLE,house_number,38,I,131911081
45,1532,2013-03-12,2013,1,March,38,5,16,AUTO THEFT,shop,39,E,130710959
45,2399,2015-07-27,2015,3,July,38,5,22,LARCENY-FROM VEHICLE,shop,39,E,152082211
45,2687,2016-05-10,2016,2,May,38,5,13,AGG ASSAULT,shop,39,E,161291321
46,136,2009-05-16,2009,2,May,62,5,17,AUTO THEFT,road,16,E,91360075
46,168,2009-06-17,2009,2,June,60,5,4,LARCENY-FROM VEHICLE,house_number,33,M,91680454
46,382,2010-01-17,2010,1,January,16,5,5,LARCENY-FROM VEHICLE,building,16,E,100171672
46,410,2010-02-14,2010,1,February,16,5,7,LARCENY-FROM VEHICLE,amenity,16,E,100450751
46,655,2010-10-17,2010,4,October,16,5,4,LARCENY-FROM VEHICLE,house_number,16,E,102901846
46,733,2011-01-03,2011,1,January,36,5,2,AUTO THEFT,house_number,16,E,110031410
46,832,2011-04-12,2011,2,April,36,5,4,LARCENY-FROM VEHICLE,house_number,16,E,111022253
46,934,2011-07-23,2011,3,July,60,5,3,BURGLARY-RESIDENCE,house_number,33,M,112032143
46,1068,2011-12-04,2011,4,December,16,5,5,LARCENY-FROM VEHICLE,building,16,E,113381640
46,1260,2012-06-13,2012,2,June,16,5,34,LARCENY-FROM VEHICLE,tourism,16,E,121650748
46,1281,2012-07-04,2012,3,July,62,5,21,ROBBERY-PEDESTRIAN,road,16,E,121860456
46,1398,2012-10-29,2012,4,October,62,5,5,LARCENY-FROM VEHICLE,building,16,E,123032680
46,1742,2013-10-08,2013,4,October,62,5,1,LARCENY-NON VEHICLE,house_number,16,E,132812960
46,1966,2014-05-20,2014,2,May,62,5,6,BURGLARY-NONRES,house_number,16,E,141400718
46,2607,2016-02-20,2016,1,February,62,5,4,LARCENY-FROM VEHICLE,house_number,16,E,160512951
46,2724,2016-06-16,2016,2,June,62,5,4,LARCENY-FROM VEHICLE,house_number,16,E,161683279
46,2876,2016-11-15,2016,4,November,62,5,14,LARCENY-NON VEHICLE,building,16,E,163201407
47,2400,2015-07-28,2015,3,July,39,6,6,BURGLARY-NONRES,house_number,40,O,152090740
48,1800,2013-12-05,2013,4,December,6,6,4,LARCENY-FROM VEHICLE,house_number,6,F,133390698
49,1227,2012-05-11,2012,2,May,77,5,5,LARCENY-FROM VEHICLE,building,33,M,121320306
49,1839,2014-01-13,2014,1,January,58,4,23,AGG ASSAULT,building,33,M,140131236
49,2359,2015-06-17,2015,2,June,40,5,4,LARCENY-FROM VEHICLE,house_number,33,M,151681888
50,1779,2013-11-14,2013,4,November,41,2,4,LARCENY-FROM VEHICLE,house_number,41,E,133182256
51,1856,2014-01-30,2014,1,January,42,2,4,LARCENY-FROM VEHICLE,house_number,42,B,140261124
51,2140,2014-11-10,2014,4,November,42,2,14,LARCENY-NON VEHICLE,building,42,B,143141490
51,2146,2014-11-16,2014,4,November,27,2,20,AUTO THEFT,amenity,60,B,143201217
52,492,2010-05-07,2010,2,May,34,3,4,LARCENY-FROM VEHICLE,house_number,43,Y,101271637
52,1047,2011-11-13,2011,4,November,34,3,3,BURGLARY-RESIDENCE,house_number,43,Y,113171611
53,804,2011-03-15,2011,1,March,43,5,4,LARCENY-FROM VEHICLE,house_number,33,M,110740613
53,1945,2014-04-29,2014,2,April,43,5,4,LARCENY-FROM VEHICLE,house_number,33,M,141191765
54,1194,2012-04-08,2012,2,April,23,6,15,LARCENY-NON VEHICLE,amenity,44,N,120991474
54,1406,2012-11-06,2012,4,November,70,6,7,LARCENY-FROM VEHICLE,amenity,90,N,123112339
54,1912,2014-03-27,2014,1,March,23,6,18,LARCENY-NON VEHICLE,shop,44,N,140860003
54,2758,2016-07-20,2016,3,July,23,6,1,LARCENY-NON VEHICLE,house_number,44,N,162022298
54,2951,2017-01-29,2017,1,January,23,6,15,LARCENY-NON VEHICLE,amenity,44,N,170291338
55,670,2010-11-01,2010,4,November,21,6,3,BURGLARY-RESIDENCE,house_number,22,W,103050711
55,1117,2012-01-22,2012,1,January,21,6,1,LARCENY-NON VEHICLE,house_number,22,W,120221272
56,77,2009-03-18,2009,1,March,35,3,15,LARCENY-NON VEHICLE,amenity,37,Z,90770845
56,111,2009-04-21,2009,2,April,35,3,17,AUTO THEFT,road,37,Z,91112055
56,345,2009-12-11,2009,4,December,29,3,4,LARCENY-FROM VEHICLE,house_number,114,Z,93451247
56,820,2011-03-31,2011,1,March,35,3,1,LARCENY-NON VEHICLE,house_number,37,Z,110901550
56,1270,2012-06-23,2012,2,June,44,3,17,AUTO THEFT,road,45,Z,121752306
56,1805,2013-12-10,2013,4,December,35,3,1,LARCENY-NON VEHICLE,house_number,102,Z,133441171
56,2292,2015-04-11,2015,2,April,35,3,12,LARCENY-FROM VEHICLE,road,37,Z,151011426
57,189,2009-07-08,2009,3,July,18,3,10,AGG ASSAULT,house_number,23,Y,91891518
57,511,2010-05-26,2010,2,May,18,3,1,LARCENY-NON VEHICLE,house_number,23,Y,101461333
58,274,2009-10-01,2009,4,October,17,6,18,LARCENY-NON VEHICLE,shop,17,O,92740901
58,1062,2011-11-28,2011,4,November,17,6,18,LARCENY-NON VEHICLE,shop,17,O,113320909
58,2105,2014-10-06,2014,4,October,17,6,18,LARCENY-NON VEHICLE,shop,17,O,142792356
58,2626,2016-03-10,2016,1,March,17,6,18,LARCENY-NON VEHICLE,shop,17,O,160701735
59,54,2009-02-23,2009,1,February,45,1,19,BURGLARY-RESIDENCE,road,46,G,90540978
60,2163,2014-12-03,2014,4,December,34,3,2,AUTO THEFT,house_number,43,Y,143372374
60,2763,2016-07-25,2016,3,July,34,3,11,ROBBERY-PEDESTRIAN,house_number,43,Y,162070729
60,2833,2016-10-03,2016,4,October,50,3,13,AGG ASSAULT,shop,71,V,162772641
61,413,2010-02-17,2010,1,February,46,3,2,AUTO THEFT,house_number,47,X,100480606
62,1549,2013-03-29,2013,1,March,13,4,2,AUTO THEFT,house_number,13,T,130880296
62,2151,2014-11-21,2014,4,November,13,4,3,BURGLARY-RESIDENCE,house_number,13,T,143250909
63,61,2009-03-02,2009,1,March,44,3,2,AUTO THEFT,house_number,48,Z,90611450
63,124,2009-05-04,2009,2,May,44,3,4,LARCENY-FROM VEHICLE,house_number,48,Z,91240150
63,350,2009-12-16,2009,4,December,44,3,11,ROBBERY-PEDESTRIAN,house_number,48,Z,93501974
63,910,2011-06-29,2011,2,June,44,3,20,AUTO THEFT,amenity,48,Z,111802794
63,1660,2013-07-18,2013,3,July,44,3,2,AUTO THEFT,house_number,48,Z,131990450
63,2648,2016-04-01,2016,2,April,44,3,3,BURGLARY-RESIDENCE,house_number,48,Z,160922062
64,363,2009-12-29,2009,4,December,28,3,3,BURGLARY-RESIDENCE,house_number,30,X,93630804
64,521,2010-06-05,2010,2,June,52,3,39,AGG ASSAULT,road,59,S,101560603
65,173,2009-06-22,2009,2,June,47,4,1,LARCENY-NON VEHICLE,house_number,49,P,91730933
65,1088,2011-12-24,2011,4,December,47,4,11,ROBBERY-PEDESTRIAN,house_number,89,P,113581818
66,77,2009-03-18,2009,1,March,44,3,11,ROBBERY-PEDESTRIAN,house_number,50,Z,90771934
67,1532,2013-03-12,2013,1,March,13,4,3,BURGLARY-RESIDENCE,house_number,13,T,130712800
68,437,2010-03-13,2010,1,March,17,6,2,AUTO THEFT,house_number,17,O,100720564
69,798,2011-03-09,2011,1,March,18,3,10,AGG ASSAULT,house_number,19,Y,110682187
69,2600,2016-02-13,2016,1,February,18,3,6,BURGLARY-NONRES,house_number,19,Y,160440696
70,70,2009-03-11,2009,1,March,41,2,46,BURGLARY-NONRES,shop,41,E,90701514
70,1183,2012-03-28,2012,1,March,24,1,4,LARCENY-FROM VEHICLE,house_number,26,L,120881176
70,1245,2012-05-29,2012,2,May,41,2,34,LARCENY-FROM VEHICLE,tourism,41,E,121500844
70,1383,2012-10-14,2012,4,October,41,2,22,LARCENY-FROM VEHICLE,shop,51,D,122881875
70,1806,2013-12-11,2013,4,December,24,1,3,BURGLARY-RESIDENCE,house_number,26,L,133450269
70,2035,2014-07-28,2014,3,July,41,2,16,AUTO THEFT,shop,51,D,142091831
70,2131,2014-11-01,2014,4,November,24,1,2,AUTO THEFT,house_number,26,L,143050939
70,2371,2015-06-29,2015,2,June,41,2,47,BURGLARY-RESIDENCE,shop,41,E,151801822
71,180,2009-06-29,2009,2,June,48,2,4,LARCENY-FROM VEHICLE,house_number,42,B,91801461
72,93,2009-04-03,2009,2,April,31,5,1,LARCENY-NON VEHICLE,house_number,52,M,90931120
72,150,2009-05-30,2009,2,May,31,5,4,LARCENY-FROM VEHICLE,house_number,52,M,91501092
72,737,2011-01-07,2011,1,January,31,5,4,LARCENY-FROM VEHICLE,house_number,52,M,110070287
72,749,2011-01-19,2011,1,January,31,5,6,BURGLARY-NONRES,house_number,52,M,110190344
72,1776,2013-11-11,2013,4,November,31,5,1,LARCENY-NON VEHICLE,house_number,52,M,133152041
72,1856,2014-01-30,2014,1,January,31,5,6,BURGLARY-NONRES,house_number,52,M,140300511
73,2032,2014-07-25,2014,3,July,49,5,5,LARCENY-FROM VEHICLE,building,33,M,142060987
74,39,2009-02-08,2009,1,February,47,4,6,BURGLARY-NONRES,house_number,53,P,90391642
74,1199,2012-04-13,2012,2,April,22,4,17,AUTO THEFT,road,153,P,121041479
74,1626,2013-06-14,2013,2,June,22,4,1,LARCENY-NON VEHICLE,house_number,135,P,131650996
74,2713,2016-06-05,2016,2,June,22,4,53,ROBBERY-RESIDENCE,road,153,P,161570956
75,308,2009-11-04,2009,4,November,40,5,4,LARCENY-FROM VEHICLE,house_number,33,M,93081300
75,922,2011-07-11,2011,3,July,77,5,24,AGG ASSAULT,amenity,33,M,111920689
75,1909,2014-03-24,2014,1,March,40,5,4,LARCENY-FROM VEHICLE,house_number,33,M,140832413
76,421,2010-02-25,2010,1,February,50,3,3,BURGLARY-RESIDENCE,house_number,54,V,100560877
76,736,2011-01-06,2011,1,January,50,3,3,BURGLARY-RESIDENCE,house_number,54,V,110061339
76,2207,2015-01-16,2015,1,January,50,3,3,BURGLARY-RESIDENCE,house_number,54,V,150160220
77,13,2009-01-13,2009,1,January,51,2,18,LARCENY-NON VEHICLE,shop,51,D,90131436
77,135,2009-05-15,2009,2,May,51,2,18,LARCENY-NON VEHICLE,shop,51,D,91351688
77,297,2009-10-24,2009,4,October,51,2,18,LARCENY-NON VEHICLE,shop,51,D,92971628
77,307,2009-11-03,2009,4,November,51,2,18,LARCENY-NON VEHICLE,shop,51,D,93051421
77,396,2010-01-31,2010,1,January,51,2,18,LARCENY-NON VEHICLE,shop,51,D,100302074
77,461,2010-04-06,2010,2,April,38,5,7,LARCENY-FROM VEHICLE,amenity,94,E,100961382
77,537,2010-06-21,2010,2,June,51,2,18,LARCENY-NON VEHICLE,shop,51,D,101721204
77,675,2010-11-06,2010,4,November,51,2,18,LARCENY-NON VEHICLE,shop,51,D,103102258
77,744,2011-01-14,2011,1,January,51,2,18,LARCENY-NON VEHICLE,shop,51,D,110140939
77,749,2011-01-19,2011,1,January,51,2,18,LARCENY-NON VEHICLE,shop,51,D,110190942
77,1018,2011-10-15,2011,4,October,51,2,18,LARCENY-NON VEHICLE,shop,51,D,112881669
77,1218,2012-05-02,2012,2,May,57,2,12,LARCENY-FROM VEHICLE,road,91,D,121231495
77,1375,2012-10-06,2012,4,October,51,2,18,LARCENY-NON VEHICLE,shop,51,D,122802057
77,1388,2012-10-19,2012,4,October,51,2,18,LARCENY-NON VEHICLE,shop,51,D,122931372
77,1574,2013-04-23,2013,2,April,38,5,7,LARCENY-FROM VEHICLE,amenity,94,E,131130823
77,2655,2016-04-08,2016,2,April,51,2,38,BURGLARY-NONRES,amenity,62,D,160990746
78,212,2009-07-31,2009,3,July,52,3,3,BURGLARY-RESIDENCE,house_number,108,X,92121918
78,1517,2013-02-25,2013,1,February,52,3,2,AUTO THEFT,house_number,55,X,130560740
79,1494,2013-02-02,2013,1,February,24,1,3,BURGLARY-RESIDENCE,house_number,26,L,130321134
80,128,2009-05-08,2009,2,May,7,2,10,AGG ASSAULT,house_number,56,F,91281953
80,1017,2011-10-14,2011,4,October,59,2,36,LARCENY-NON VEHICLE,tourism,65,B,112871571
81,604,2010-08-27,2010,3,August,53,6,9,ROBBERY-RESIDENCE,house_number,57,N,102392599
81,643,2010-10-05,2010,4,October,65,6,7,LARCENY-FROM VEHICLE,amenity,79,W,102782338
81,2915,2016-12-24,2016,4,December,65,6,1,LARCENY-NON VEHICLE,house_number,79,W,163591978
82,854,2011-05-04,2011,2,May,33,4,10,AGG ASSAULT,house_number,59,S,111241875
82,2110,2014-10-11,2014,4,October,33,4,10,AGG ASSAULT,house_number,59,S,142841137
83,1400,2012-10-31,2012,4,October,55,3,4,LARCENY-FROM VEHICLE,house_number,61,V,123051484
84,1915,2014-03-30,2014,1,March,45,1,3,BURGLARY-RESIDENCE,house_number,46,G,140891524
84,2582,2016-01-26,2016,1,January,45,1,3,BURGLARY-RESIDENCE,house_number,46,G,160260657
85,548,2010-07-02,2010,3,July,13,4,1,LARCENY-NON VEHICLE,house_number,13,T,101830938
85,1774,2013-11-09,2013,4,November,10,1,10,AGG ASSAULT,house_number,13,T,133132451
86,508,2010-05-23,2010,2,May,26,1,3,BURGLARY-RESIDENCE,house_number,28,T,101430996
87,2345,2015-06-03,2015,2,June,57,2,4,LARCENY-FROM VEHICLE,house_number,62,D,151542145
87,2351,2015-06-09,2015,2,June,51,2,11,ROBBERY-PEDESTRIAN,house_number,62,D,151603044
88,180,2009-06-29,2009,2,June,30,1,3,BURGLARY-RESIDENCE,house_number,4,J,91801158
88,770,2011-02-09,2011,1,February,63,1,10,AGG ASSAULT,house_number,72,K,110400234
88,927,2011-07-16,2011,3,July,24,1,2,AUTO THEFT,house_number,26,L,111972434
88,1192,2012-04-06,2012,2,April,1,1,10,AGG ASSAULT,house_number,1,L,120970350
88,1231,2012-05-15,2012,2,May,30,1,10,AGG ASSAULT,house_number,4,J,121361035
88,1768,2013-11-03,2013,4,November,63,1,1,LARCENY-NON VEHICLE,house_number,72,K,133071327
88,1838,2014-01-12,2014,1,January,30,1,11,ROBBERY-PEDESTRIAN,house_number,4,J,140121170
89,471,2010-04-16,2010,2,April,17,6,4,LARCENY-FROM VEHICLE,house_number,17,O,101060771
89,1763,2013-10-29,2013,4,October,17,6,10,AGG ASSAULT,house_number,17,O,133022006
90,2581,2016-01-25,2016,1,January,51,2,11,ROBBERY-PEDESTRIAN,house_number,62,D,160250654
91,2963,2017-02-10,2017,1,February,58,4,11,ROBBERY-PEDESTRIAN,house_number,59,S,170411920
92,2747,2016-07-09,2016,3,July,25,4,2,AUTO THEFT,house_number,63,H,161910740
93,402,2010-02-06,2010,1,February,20,1,3,BURGLARY-RESIDENCE,house_number,64,G,100371909
94,1798,2013-12-03,2013,4,December,13,4,21,ROBBERY-PEDESTRIAN,road,13,T,133370096
95,1468,2013-01-07,2013,1,January,59,2,22,LARCENY-FROM VEHICLE,shop,65,B,130071875
96,2575,2016-01-19,2016,1,January,51,2,4,LARCENY-FROM VEHICLE,house_number,62,D,160190138
96,2628,2016-03-12,2016,1,March,51,2,3,BURGLARY-RESIDENCE,house_number,62,D,160722019
97,1292,2012-07-15,2012,3,July,60,5,23,AGG ASSAULT,building,33,M,121970687
98,1616,2013-06-04,2013,2,June,25,4,1,LARCENY-NON VEHICLE,house_number,66,H,131551231
99,105,2009-04-15,2009,2,April,61,2,4,LARCENY-FROM VEHICLE,house_number,67,A,91051158
100,862,2011-05-12,2011,2,May,29,3,24,AGG ASSAULT,amenity,31,Z,111322727
101,1091,2011-12-27,2011,4,December,54,1,4,LARCENY-FROM VEHICLE,house_number,68,K,113611275
102,1189,2012-04-03,2012,2,April,62,5,34,LARCENY-FROM VEHICLE,tourism,16,E,120940934
102,2668,2016-04-21,2016,2,April,62,5,25,ROBBERY-PEDESTRIAN,amenity,16,E,161120332
103,1101,2012-01-06,2012,1,January,11,1,2,AUTO THEFT,house_number,11,I,120060941
104,140,2009-05-20,2009,2,May,28,3,4,LARCENY-FROM VEHICLE,house_number,30,X,91400528
105,1970,2014-05-24,2014,2,May,38,5,18,LARCENY-NON VEHICLE,shop,39,E,141441348
105,2525,2015-11-30,2015,4,November,38,5,18,LARCENY-NON VEHICLE,shop,39,E,153342643
106,32,2009-02-01,2009,1,February,59,2,18,LARCENY-NON VEHICLE,shop,65,B,90321290
106,305,2009-11-01,2009,4,November,59,2,18,LARCENY-NON VEHICLE,shop,65,B,93051223
106,369,2010-01-04,2010,1,January,59,2,18,LARCENY-NON VEHICLE,shop,65,B,100040968
106,474,2010-04-19,2010,2,April,59,2,22,LARCENY-FROM VEHICLE,shop,65,B,101052121
106,496,2010-05-11,2010,2,May,59,2,18,LARCENY-NON VEHICLE,shop,65,B,101312131
106,521,2010-06-05,2010,2,June,42,2,20,AUTO THEFT,amenity,42,B,101560816
106,577,2010-07-31,2010,3,July,59,2,18,LARCENY-NON VEHICLE,shop,65,B,102121426
106,713,2010-12-14,2010,4,December,59,2,18,LARCENY-NON VEHICLE,shop,65,B,103482120
106,1147,2012-02-21,2012,1,February,59,2,18,LARCENY-NON VEHICLE,shop,65,B,120521758
106,1183,2012-03-28,2012,1,March,42,2,18,LARCENY-NON VEHICLE,shop,42,B,120881561
106,1192,2012-04-06,2012,2,April,59,2,18,LARCENY-NON VEHICLE,shop,65,B,120971849
106,1905,2014-03-20,2014,1,March,42,2,18,LARCENY-NON VEHICLE,shop,42,B,140792357
106,2027,2014-07-20,2014,3,July,59,2,18,LARCENY-NON VEHICLE,shop,65,B,142011867
106,2575,2016-01-19,2016,1,January,59,2,48,BURGLARY-NONRES,road,65,B,160192068
106,2652,2016-04-05,2016,2,April,59,2,22,LARCENY-FROM VEHICLE,shop,65,B,160962650
107,302,2009-10-29,2009,4,October,57,2,26,LARCENY-NON VEHICLE,road,69,D,93020561
107,1623,2013-06-11,2013,2,June,57,2,3,BURGLARY-RESIDENCE,house_number,120,D,131620781
107,2659,2016-04-12,2016,2,April,51,2,2,AUTO THEFT,house_number,120,D,161031226
108,1201,2012-04-15,2012,2,April,64,4,2,AUTO THEFT,house_number,78,T,121061221
108,1933,2014-04-17,2014,2,April,10,1,4,LARCENY-FROM VEHICLE,house_number,70,T,141070241
109,155,2009-06-04,2009,2,June,2,4,4,LARCENY-FROM VEHICLE,house_number,2,I,91550361
110,1497,2013-02-05,2013,1,February,54,1,2,AUTO THEFT,house_number,68,K,130362228
111,1622,2013-06-10,2013,2,June,55,3,3,BURGLARY-RESIDENCE,house_number,71,V,131612287
111,1831,2014-01-05,2014,1,January,55,3,10,AGG ASSAULT,house_number,71,V,140051132
112,1657,2013-07-15,2013,3,July,55,3,4,LARCENY-FROM VEHICLE,house_number,61,V,131961351
113,1407,2012-11-07,2012,4,November,55,3,20,AUTO THEFT,amenity,61,V,123120829
114,1063,2011-11-29,2011,4,November,51,2,2,AUTO THEFT,house_number,51,D,113331030
114,2203,2015-01-12,2015,1,January,51,2,3,BURGLARY-RESIDENCE,house_number,51,D,150122142
114,2934,2017-01-12,2017,1,January,51,2,4,LARCENY-FROM VEHICLE,house_number,51,D,170120698
115,2224,2015-02-02,2015,1,February,46,3,2,AUTO THEFT,house_number,47,X,150330353
115,2655,2016-04-08,2016,2,April,28,3,20,AUTO THEFT,amenity,30,X,160992567
116,285,2009-10-12,2009,4,October,25,4,2,AUTO THEFT,house_number,63,H,92850479
116,507,2010-05-22,2010,2,May,25,4,2,AUTO THEFT,house_number,63,H,101421340
116,666,2010-10-28,2010,4,October,25,4,2,AUTO THEFT,house_number,63,H,103010475
116,1202,2012-04-16,2012,2,April,25,4,2,AUTO THEFT,house_number,63,H,121070679
116,1638,2013-06-26,2013,2,June,25,4,15,LARCENY-NON VEHICLE,amenity,63,H,131771513
116,2645,2016-03-29,2016,1,March,25,4,7,LARCENY-FROM VEHICLE,amenity,63,H,160891615
116,2699,2016-05-22,2016,2,May,25,4,2,AUTO THEFT,house_number,63,H,161430383
117,1069,2011-12-05,2011,4,December,54,1,3,BURGLARY-RESIDENCE,house_number,98,J,113391459
117,2556,2015-12-31,2015,4,December,54,1,4,LARCENY-FROM VEHICLE,house_number,68,K,153651159
118,540,2010-06-24,2010,2,June,47,4,3,BURGLARY-RESIDENCE,house_number,73,P,101751370
119,673,2010-11-04,2010,4,November,21,6,2,AUTO THEFT,house_number,22,W,103080743
119,692,2010-11-23,2010,4,November,21,6,42,RAPE,amenity,22,W,103270090
119,2333,2015-05-22,2015,2,May,12,6,4,LARCENY-FROM VEHICLE,house_number,74,M,151420348
119,2717,2016-06-09,2016,2,June,53,6,17,AUTO THEFT,road,22,W,161611023
120,674,2010-11-05,2010,4,November,1,1,3,BURGLARY-RESIDENCE,house_number,1,L,103091458
120,1237,2012-05-21,2012,2,May,1,1,3,BURGLARY-RESIDENCE,house_number,1,L,121422260
121,2676,2016-04-29,2016,2,April,57,2,3,BURGLARY-RESIDENCE,house_number,75,D,161203118
122,1524,2013-03-04,2013,1,March,5,3,17,AUTO THEFT,road,76,Z,130630943
122,1576,2013-04-25,2013,2,April,5,3,17,AUTO THEFT,road,76,Z,131151689
123,376,2010-01-11,2010,1,January,12,6,3,BURGLARY-RESIDENCE,house_number,74,M,100111469
123,1876,2014-02-19,2014,1,February,12,6,6,BURGLARY-NONRES,house_number,74,M,140500503
124,2895,2016-12-04,2016,4,December,35,3,10,AGG ASSAULT,house_number,37,Z,163390526
125,410,2010-02-14,2010,1,February,17,6,38,BURGLARY-NONRES,amenity,17,O,100450476
125,796,2011-03-07,2011,1,March,17,6,1,LARCENY-NON VEHICLE,house_number,17,O,110660778
125,835,2011-04-15,2011,2,April,17,6,15,LARCENY-NON VEHICLE,amenity,17,O,111052582
125,1121,2012-01-26,2012,1,January,17,6,22,LARCENY-FROM VEHICLE,shop,17,O,120261567
125,2157,2014-11-27,2014,4,November,17,6,2,AUTO THEFT,house_number,17,O,143310760
126,567,2010-07-21,2010,3,July,61,2,1,LARCENY-NON VEHICLE,house_number,77,A,102020846
127,331,2009-11-27,2009,4,November,58,4,2,AUTO THEFT,house_number,85,S,93310948
127,423,2010-02-27,2010,1,February,33,4,11,ROBBERY-PEDESTRIAN,house_number,59,S,100580241
127,1266,2012-06-19,2012,2,June,33,4,3,BURGLARY-RESIDENCE,house_number,155,S,121710932
128,1520,2013-02-28,2013,1,February,13,4,25,ROBBERY-PEDESTRIAN,amenity,13,T,130592890
128,1628,2013-06-16,2013,2,June,10,1,17,AUTO THEFT,road,70,T,131670784
129,538,2010-06-22,2010,2,June,58,4,1,LARCENY-NON VEHICLE,house_number,59,S,101730896
129,864,2011-05-14,2011,2,May,58,4,1,LARCENY-NON VEHICLE,house_number,59,S,111340025
130,2289,2015-04-08,2015,2,April,15,6,3,BURGLARY-RESIDENCE,house_number,15,O,150980013
131,1491,2013-01-30,2013,1,January,64,4,3,BURGLARY-RESIDENCE,house_number,78,T,130301717
132,133,2009-05-13,2009,2,May,13,4,7,LARCENY-FROM VEHICLE,amenity,13,T,91331541
132,352,2009-12-18,2009,4,December,3,3,24,AGG ASSAULT,amenity,3,V,93522096
132,384,2010-01-19,2010,1,January,13,4,22,LARCENY-FROM VEHICLE,shop,13,T,100192154
132,465,2010-04-10,2010,2,April,13,4,7,LARCENY-FROM VEHICLE,amenity,13,T,101001630
132,735,2011-01-05,2011,1,January,13,4,4,LARCENY-FROM VEHICLE,house_number,13,T,110050523
133,2748,2016-07-10,2016,3,July,55,3,4,LARCENY-FROM VEHICLE,house_number,71,V,161920537
134,1305,2012-07-28,2012,3,July,14,4,7,LARCENY-FROM VEHICLE,amenity,14,P,122101306
134,2549,2015-12-24,2015,4,December,14,4,27,BURGLARY-RESIDENCE,leisure,14,P,153580639
135,649,2010-10-11,2010,4,October,27,2,4,LARCENY-FROM VEHICLE,house_number,29,B,102842141
136,1214,2012-04-28,2012,2,April,32,6,2,AUTO THEFT,house_number,35,W,121202281
136,2037,2014-07-30,2014,3,July,32,6,1,LARCENY-NON VEHICLE,house_number,35,W,142111691
137,2012,2014-07-05,2014,3,July,65,6,2,AUTO THEFT,house_number,79,W,141861639
138,2311,2015-04-30,2015,2,April,24,1,1,LARCENY-NON VEHICLE,house_number,26,L,151201785
139,2530,2015-12-05,2015,4,December,3,3,4,LARCENY-FROM VEHICLE,house_number,3,V,153392896
139,2631,2016-03-15,2016,1,March,31,5,2,AUTO THEFT,house_number,52,M,160753125
140,345,2009-12-11,2009,4,December,31,5,4,LARCENY-FROM VEHICLE,house_number,52,M,93452406
140,1875,2014-02-18,2014,1,February,31,5,3,BURGLARY-RESIDENCE,house_number,52,M,140491519
141,871,2011-05-21,2011,2,May,65,6,3,BURGLARY-RESIDENCE,house_number,79,W,111411594
141,1758,2013-10-24,2013,4,October,65,6,2,AUTO THEFT,house_number,79,W,132970955
142,1575,2013-04-24,2013,2,April,27,2,3,BURGLARY-RESIDENCE,house_number,60,B,131142106
143,1583,2013-05-02,2013,2,May,8,1,15,LARCENY-NON VEHICLE,amenity,8,J,131220864
144,920,2011-07-09,2011,3,July,52,3,3,BURGLARY-RESIDENCE,house_number,80,V,111901828
145,199,2009-07-18,2009,3,July,66,2,4,LARCENY-FROM VEHICLE,house_number,56,F,91990350
145,517,2010-06-01,2010,2,June,66,2,1,LARCENY-NON VEHICLE,house_number,56,F,101520902
145,1137,2012-02-11,2012,1,February,66,2,4,LARCENY-FROM VEHICLE,house_number,56,F,120420294
146,109,2009-04-19,2009,2,April,16,5,40,AUTO THEFT,building,16,E,91090911
146,678,2010-11-09,2010,4,November,72,5,5,LARCENY-FROM VEHICLE,building,33,M,103131089
146,856,2011-05-06,2011,2,May,16,5,4,LARCENY-FROM VEHICLE,house_number,16,E,111261697
146,933,2011-07-22,2011,3,July,16,5,5,LARCENY-FROM VEHICLE,building,16,E,112030464
146,1013,2011-10-10,2011,4,October,72,5,14,LARCENY-NON VEHICLE,building,33,M,112831916
146,1027,2011-10-24,2011,4,October,16,5,4,LARCENY-FROM VEHICLE,house_number,16,E,112970602
146,1055,2011-11-21,2011,4,November,43,5,5,LARCENY-FROM VEHICLE,building,33,M,113250691
146,1078,2011-12-14,2011,4,December,62,5,4,LARCENY-FROM VEHICLE,house_number,16,E,113482050
146,1262,2012-06-15,2012,2,June,36,5,15,LARCENY-NON VEHICLE,amenity,16,E,121671854
146,1267,2012-06-20,2012,2,June,72,5,15,LARCENY-NON VEHICLE,amenity,33,M,121720335
146,1450,2012-12-20,2012,4,December,16,5,4,LARCENY-FROM VEHICLE,house_number,16,E,123552451
146,1462,2013-01-01,2013,1,January,16,5,33,ROBBERY-COMMERCIAL,house_number,16,E,130012237
146,1565,2013-04-14,2013,2,April,16,5,5,LARCENY-FROM VEHICLE,building,16,E,131040220
146,1619,2013-06-07,2013,2,June,16,5,4,LARCENY-FROM VEHICLE,house_number,16,E,131581698
146,1758,2013-10-24,2013,4,October,16,5,14,LARCENY-NON VEHICLE,building,16,E,132971858
146,1832,2014-01-06,2014,1,January,62,5,5,LARCENY-FROM VEHICLE,building,16,E,140062245
146,1845,2014-01-19,2014,1,January,72,5,14,LARCENY-NON VEHICLE,building,33,M,140190251
146,1883,2014-02-26,2014,1,February,72,5,4,LARCENY-FROM VEHICLE,house_number,33,M,140572105
146,1906,2014-03-21,2014,1,March,72,5,14,LARCENY-NON VEHICLE,building,33,M,140802455
146,1964,2014-05-18,2014,2,May,72,5,15,LARCENY-NON VEHICLE,amenity,33,M,141380385
146,1998,2014-06-21,2014,2,June,36,5,41,RAPE,building,16,E,141721526
146,2360,2015-06-18,2015,2,June,43,5,44,ROBBERY-COMMERCIAL,building,33,M,151690985
146,2504,2015-11-09,2015,4,November,43,5,14,LARCENY-NON VEHICLE,building,33,M,153131311
146,2677,2016-04-30,2016,2,April,16,5,4,LARCENY-FROM VEHICLE,house_number,16,E,161212916
146,2928,2017-01-06,2017,1,January,36,5,14,LARCENY-NON VEHICLE,building,16,E,170062160
147,504,2010-05-19,2010,2,May,17,6,2,AUTO THEFT,house_number,17,O,101391966
147,1113,2012-01-18,2012,1,January,15,6,28,ROBBERY-COMMERCIAL,amenity,15,O,120181377
147,1561,2013-04-10,2013,2,April,21,6,4,LARCENY-FROM VEHICLE,house_number,81,V,131000505
147,1883,2014-02-26,2014,1,February,39,6,15,LARCENY-NON VEHICLE,amenity,40,O,140570470
147,2907,2016-12-16,2016,4,December,53,6,4,LARCENY-FROM VEHICLE,house_number,136,N,163512948
148,1875,2014-02-18,2014,1,February,32,6,1,LARCENY-NON VEHICLE,house_number,82,W,140491785
149,446,2010-03-22,2010,1,March,67,4,11,ROBBERY-PEDESTRIAN,house_number,83,R,100811389
150,924,2011-07-13,2011,3,July,46,3,18,LARCENY-NON VEHICLE,shop,47,X,111941637
150,1660,2013-07-18,2013,3,July,9,3,18,LARCENY-NON VEHICLE,shop,47,X,131991496
150,2339,2015-05-28,2015,2,May,46,3,18,LARCENY-NON VEHICLE,shop,47,X,151481815
150,2363,2015-06-21,2015,2,June,46,3,22,LARCENY-FROM VEHICLE,shop,47,X,151720529
150,2391,2015-07-19,2015,3,July,46,3,18,LARCENY-NON VEHICLE,shop,47,X,152001287
151,2378,2015-07-06,2015,3,July,58,4,4,LARCENY-FROM VEHICLE,house_number,59,S,151870805
152,1947,2014-05-01,2014,2,May,5,3,3,BURGLARY-RESIDENCE,house_number,84,Z,141212162
152,1964,2014-05-18,2014,2,May,5,3,1,LARCENY-NON VEHICLE,house_number,84,Z,141380745
153,2752,2016-07-14,2016,3,July,4,1,1,LARCENY-NON VEHICLE,house_number,4,J,161961915
154,56,2009-02-25,2009,1,February,28,3,20,AUTO THEFT,amenity,30,X,90560966
154,198,2009-07-17,2009,3,July,28,3,28,ROBBERY-COMMERCIAL,amenity,30,X,91982264
154,477,2010-04-22,2010,2,April,52,3,18,LARCENY-NON VEHICLE,shop,55,X,101120775
154,1526,2013-03-06,2013,1,March,28,3,1,LARCENY-NON VEHICLE,house_number,30,X,130652356
154,1845,2014-01-19,2014,1,January,28,3,4,LARCENY-FROM VEHICLE,house_number,30,X,140190586
154,2379,2015-07-07,2015,3,July,28,3,2,AUTO THEFT,house_number,30,X,151883343
154,2575,2016-01-19,2016,1,January,28,3,2,AUTO THEFT,house_number,30,X,160191957
154,2621,2016-03-05,2016,1,March,28,3,10,AGG ASSAULT,house_number,30,X,160652979
154,2654,2016-04-07,2016,2,April,28,3,11,ROBBERY-PEDESTRIAN,house_number,30,X,160981844
154,2876,2016-11-15,2016,4,November,52,3,6,BURGLARY-NONRES,house_number,108,X,163200259
154,2884,2016-11-23,2016,4,November,46,3,4,LARCENY-FROM VEHICLE,house_number,47,X,163280810
154,2903,2016-12-12,2016,4,December,34,3,4,LARCENY-FROM VEHICLE,house_number,30,X,163472718
155,659,2010-10-21,2010,4,October,53,6,4,LARCENY-FROM VEHICLE,house_number,136,N,102941064
155,838,2011-04-18,2011,2,April,53,6,3,BURGLARY-RESIDENCE,house_number,136,N,111081152
155,1624,2013-06-12,2013,2,June,53,6,2,AUTO THEFT,house_number,57,N,131630758
155,2892,2016-12-01,2016,4,December,17,6,1,LARCENY-NON VEHICLE,house_number,17,O,163362285
156,334,2009-11-30,2009,4,November,68,1,3,BURGLARY-RESIDENCE,house_number,27,H,93340557
157,2680,2016-05-03,2016,2,May,8,1,3,BURGLARY-RESIDENCE,house_number,8,J,161241728
158,2956,2017-02-03,2017,1,February,7,2,1,LARCENY-NON VEHICLE,house_number,7,F,170340920
159,19,2009-01-19,2009,1,January,13,4,1,LARCENY-NON VEHICLE,house_number,13,T,90191174
159,1294,2012-07-17,2012,3,July,13,4,29,HOMICIDE,office,13,T,121991439042
159,2100,2014-10-01,2014,4,October,13,4,11,ROBBERY-PEDESTRIAN,house_number,13,T,142740212
160,741,2011-01-11,2011,1,January,9,3,3,BURGLARY-RESIDENCE,house_number,9,X,110110247
160,2027,2014-07-20,2014,3,July,9,3,6,BURGLARY-NONRES,house_number,9,X,142011750
161,1595,2013-05-14,2013,2,May,28,3,3,BURGLARY-RESIDENCE,house_number,30,X,131342680
162,843,2011-04-23,2011,2,April,16,5,4,LARCENY-FROM VEHICLE,house_number,33,M,111131208
162,912,2011-07-01,2011,3,July,63,1,1,LARCENY-NON VEHICLE,house_number,72,K,111822348
162,1911,2014-03-26,2014,1,March,63,1,4,LARCENY-FROM VEHICLE,house_number,72,K,140851967
163,2256,2015-03-06,2015,1,March,21,6,2,AUTO THEFT,house_number,22,W,150650556
164,316,2009-11-12,2009,4,November,19,4,2,AUTO THEFT,house_number,20,R,93160328
164,731,2011-01-01,2011,1,January,19,4,4,LARCENY-FROM VEHICLE,house_number,20,R,110010687
164,1005,2011-10-02,2011,4,October,69,4,2,AUTO THEFT,house_number,85,S,112750688
164,1763,2013-10-29,2013,4,October,71,4,4,LARCENY-FROM VEHICLE,house_number,93,R,133021529
164,1940,2014-04-24,2014,2,April,19,4,4,LARCENY-FROM VEHICLE,house_number,20,R,141142051
164,1973,2014-05-27,2014,2,May,69,4,30,HOMICIDE,house_number,85,S,141470373027
164,2264,2015-03-14,2015,1,March,19,4,10,AGG ASSAULT,house_number,20,R,150732139
164,2525,2015-11-30,2015,4,November,19,4,4,LARCENY-FROM VEHICLE,house_number,20,R,153341562
164,2530,2015-12-05,2015,4,December,58,4,3,BURGLARY-RESIDENCE,house_number,59,S,153392499
165,1875,2014-02-18,2014,1,February,7,2,31,LARCENY-FROM VEHICLE,leisure,86,F,140491007
166,1517,2013-02-25,2013,1,February,21,6,1,LARCENY-NON VEHICLE,house_number,22,W,130561380
167,23,2009-01-23,2009,1,January,5,3,2,AUTO THEFT,house_number,5,Z,90230380
168,2551,2015-12-26,2015,4,December,3,3,8,ROBBERY-PEDESTRIAN,shop,3,V,153602159
169,20,2009-01-20,2009,1,January,19,4,26,LARCENY-NON VEHICLE,road,92,S,90200642
169,2501,2015-11-06,2015,4,November,64,4,10,AGG ASSAULT,house_number,78,T,153103391
169,2603,2016-02-16,2016,1,February,58,4,2,AUTO THEFT,house_number,92,S,160470578
170,500,2010-05-15,2010,2,May,5,3,3,BURGLARY-RESIDENCE,house_number,87,Z,101350134
171,141,2009-05-21,2009,2,May,19,4,2,AUTO THEFT,house_number,20,R,91410507
171,935,2011-07-24,2011,3,July,19,4,2,AUTO THEFT,house_number,20,R,112050705
171,1288,2012-07-11,2012,3,July,19,4,2,AUTO THEFT,house_number,20,R,121930474
171,1461,2012-12-31,2012,4,December,19,4,3,BURGLARY-RESIDENCE,house_number,20,R,123662305
171,1866,2014-02-09,2014,1,February,19,4,2,AUTO THEFT,house_number,20,R,140401015
171,2358,2015-06-16,2015,2,June,19,4,2,AUTO THEFT,house_number,20,R,151670971
171,2901,2016-12-10,2016,4,December,19,4,11,ROBBERY-PEDESTRIAN,house_number,20,R,163452589
172,5,2009-01-05,2009,1,January,49,5,45,BURGLARY-NONRES,building,33,M,90050225
172,159,2009-06-08,2009,2,June,60,5,2,AUTO THEFT,house_number,33,M,91590335
172,1408,2012-11-08,2012,4,November,49,5,4,LARCENY-FROM VEHICLE,house_number,33,M,123132040
172,2176,2014-12-16,2014,4,December,49,5,4,LARCENY-FROM VEHICLE,house_number,33,M,143502777
173,119,2009-04-29,2009,2,April,62,5,3,BURGLARY-RESIDENCE,house_number,16,E,91191979
173,1188,2012-04-02,2012,2,April,62,5,1,LARCENY-NON VEHICLE,house_number,16,E,120932092
173,2011,2014-07-04,2014,3,July,62,5,2,AUTO THEFT,house_number,16,E,141851451
174,2279,2015-03-29,2015,1,March,5,3,2,AUTO THEFT,house_number,88,Z,150881512
175,45,2009-02-14,2009,1,February,47,4,2,AUTO THEFT,house_number,89,P,90450964
176,2033,2014-07-26,2014,3,July,32,6,32,ROBBERY-PEDESTRIAN,building,35,W,142072738
177,551,2010-07-05,2010,3,July,64,4,3,BURGLARY-RESIDENCE,house_number,78,T,101860097
178,88,2009-03-29,2009,1,March,6,6,2,AUTO THEFT,house_number,6,F,90880790
178,389,2010-01-24,2010,1,January,6,6,4,LARCENY-FROM VEHICLE,house_number,6,F,100240134
179,120,2009-04-30,2009,2,April,49,5,4,LARCENY-FROM VEHICLE,house_number,33,M,91202268
180,1424,2012-11-24,2012,4,November,11,1,4,LARCENY-FROM VEHICLE,house_number,11,I,123290590
181,904,2011-06-23,2011,2,June,61,2,4,LARCENY-FROM VEHICLE,house_number,77,A,111732293
182,2480,2015-10-16,2015,4,October,5,3,2,AUTO THEFT,house_number,84,Z,152890858
183,1202,2012-04-16,2012,2,April,26,1,4,LARCENY-FROM VEHICLE,house_number,28,T,121070700
183,1223,2012-05-07,2012,2,May,26,1,11,ROBBERY-PEDESTRIAN,house_number,28,T,121280249
184,2025,2014-07-18,2014,3,July,69,4,3,BURGLARY-RESIDENCE,house_number,85,S,141991847
185,2886,2016-11-25,2016,4,November,70,6,3,BURGLARY-RESIDENCE,house_number,90,N,163300442
186,97,2009-04-07,2009,2,April,54,1,3,BURGLARY-RESIDENCE,house_number,68,K,90971011
187,1489,2013-01-28,2013,1,January,10,1,2,AUTO THEFT,house_number,10,K,130281211
188,460,2010-04-05,2010,2,April,57,2,2,AUTO THEFT,house_number,91,D,100950394
189,1092,2011-12-28,2011,4,December,58,4,3,BURGLARY-RESIDENCE,house_number,92,S,113621328
190,2886,2016-11-25,2016,4,November,40,5,1,LARCENY-NON VEHICLE,house_number,33,M,163301472
191,2696,2016-05-19,2016,2,May,8,1,3,BURGLARY-RESIDENCE,house_number,8,J,161401846
192,1285,2012-07-08,2012,3,July,71,4,2,AUTO THEFT,house_number,93,R,121900446
192,1407,2012-11-07,2012,4,November,71,4,3,BURGLARY-RESIDENCE,house_number,93,R,123121760
192,2194,2015-01-03,2015,1,January,71,4,10,AGG ASSAULT,house_number,93,R,150032724
193,647,2010-10-09,2010,4,October,62,5,25,ROBBERY-PEDESTRIAN,amenity,16,E,102822033
193,765,2011-02-04,2011,1,February,72,5,2,AUTO THEFT,house_number,33,M,110351074
193,1259,2012-06-12,2012,2,June,16,5,2,AUTO THEFT,house_number,16,E,121641082
193,1590,2013-05-09,2013,2,May,7,2,7,LARCENY-FROM VEHICLE,amenity,7,F,131293045
193,1836,2014-01-10,2014,1,January,72,5,4,LARCENY-FROM VEHICLE,house_number,33,M,140101009
193,1984,2014-06-07,2014,2,June,36,5,5,LARCENY-FROM VEHICLE,building,132,E,141582698
193,2177,2014-12-17,2014,4,December,36,5,7,LARCENY-FROM VEHICLE,amenity,16,E,143512286
193,2838,2016-10-08,2016,4,October,62,5,4,LARCENY-FROM VEHICLE,house_number,16,E,162821227
194,1474,2013-01-13,2013,1,January,40,5,15,LARCENY-NON VEHICLE,amenity,33,M,130131706
195,33,2009-02-02,2009,1,February,33,4,9,ROBBERY-RESIDENCE,house_number,59,S,90331139
196,905,2011-06-24,2011,2,June,56,5,2,AUTO THEFT,house_number,16,E,111752151
196,1136,2012-02-10,2012,1,February,16,5,4,LARCENY-FROM VEHICLE,house_number,16,E,120410797
196,1762,2013-10-28,2013,4,October,16,5,12,LARCENY-FROM VEHICLE,road,16,E,133010742
196,2607,2016-02-20,2016,1,February,56,5,6,BURGLARY-NONRES,house_number,16,E,160510627
196,2958,2017-02-05,2017,1,February,16,5,17,AUTO THEFT,road,74,M,170360263
197,1192,2012-04-06,2012,2,April,51,2,4,LARCENY-FROM VEHICLE,house_number,62,D,120971684
198,1597,2013-05-16,2013,2,May,38,5,4,LARCENY-FROM VEHICLE,house_number,94,E,131361006
198,2661,2016-04-14,2016,2,April,38,5,7,LARCENY-FROM VEHICLE,amenity,94,E,161051935
199,2945,2017-01-23,2017,1,January,24,1,4,LARCENY-FROM VEHICLE,house_number,26,L,170231154
200,1832,2014-01-06,2014,1,January,51,2,3,BURGLARY-RESIDENCE,house_number,62,D,140060746
201,466,2010-04-11,2010,2,April,10,1,2,AUTO THEFT,house_number,70,T,101011580
202,932,2011-07-21,2011,3,July,72,5,36,LARCENY-NON VEHICLE,tourism,33,M,112020688
202,1547,2013-03-27,2013,1,March,72,5,35,AUTO THEFT,tourism,33,M,130861239
203,1552,2013-04-01,2013,2,April,5,3,2,AUTO THEFT,house_number,76,Z,130911342
204,350,2009-12-16,2009,4,December,16,5,4,LARCENY-FROM VEHICLE,house_number,16,E,93500498
204,2215,2015-01-24,2015,1,January,16,5,4,LARCENY-FROM VEHICLE,house_number,16,E,150241547
205,2599,2016-02-12,2016,1,February,60,5,4,LARCENY-FROM VEHICLE,house_number,95,E,160423601
206,56,2009-02-25,2009,1,February,44,3,10,AGG ASSAULT,house_number,48,Z,90561614
206,912,2011-07-01,2011,3,July,44,3,10,AGG ASSAULT,house_number,48,Z,111821390
206,2151,2014-11-21,2014,4,November,44,3,3,BURGLARY-RESIDENCE,house_number,48,Z,143251552
206,2401,2015-07-29,2015,3,July,44,3,11,ROBBERY-PEDESTRIAN,house_number,48,Z,152101338
207,2306,2015-04-25,2015,2,April,72,5,5,LARCENY-FROM VEHICLE,building,33,M,151150625
208,1773,2013-11-08,2013,4,November,73,2,4,LARCENY-FROM VEHICLE,house_number,96,C,133121620
209,91,2009-04-01,2009,2,April,41,2,12,LARCENY-FROM VEHICLE,road,41,E,90910594
209,450,2010-03-26,2010,1,March,38,5,5,LARCENY-FROM VEHICLE,building,39,E,100851326
210,1802,2013-12-07,2013,4,December,58,4,11,ROBBERY-PEDESTRIAN,house_number,92,S,133412132
211,300,2009-10-27,2009,4,October,16,5,5,LARCENY-FROM VEHICLE,building,16,E,93000854
211,2111,2014-10-12,2014,4,October,16,5,5,LARCENY-FROM VEHICLE,building,16,E,142850441
212,1801,2013-12-06,2013,4,December,58,4,10,AGG ASSAULT,house_number,59,S,133403076
212,2221,2015-01-30,2015,1,January,58,4,4,LARCENY-FROM VEHICLE,house_number,59,S,150303030
212,2574,2016-01-18,2016,1,January,69,4,4,LARCENY-FROM VEHICLE,house_number,85,S,160180938
213,1483,2013-01-22,2013,1,January,53,6,27,BURGLARY-RESIDENCE,leisure,82,W,130222488
214,1656,2013-07-14,2013,3,July,24,1,37,RAPE,house_number,26,L,131950724
215,138,2009-05-18,2009,2,May,73,2,15,LARCENY-NON VEHICLE,amenity,117,A,91380952
215,308,2009-11-04,2009,4,November,27,2,4,LARCENY-FROM VEHICLE,house_number,97,B,93080911
215,534,2010-06-18,2010,2,June,61,2,4,LARCENY-FROM VEHICLE,house_number,146,A,101691223
215,1763,2013-10-29,2013,4,October,73,2,24,AGG ASSAULT,amenity,117,A,133022907
216,1150,2012-02-24,2012,1,February,54,1,1,LARCENY-NON VEHICLE,house_number,98,J,120551562
217,289,2009-10-16,2009,4,October,48,2,4,LARCENY-FROM VEHICLE,house_number,42,B,92891131
218,829,2011-04-09,2011,2,April,10,1,1,LARCENY-NON VEHICLE,house_number,1,L,110991005
218,2481,2015-10-17,2015,4,October,1,1,1,LARCENY-NON VEHICLE,house_number,1,L,152902450
219,332,2009-11-28,2009,4,November,53,6,3,BURGLARY-RESIDENCE,house_number,82,W,93321546
219,703,2010-12-04,2010,4,December,65,6,2,AUTO THEFT,house_number,79,W,103382199
219,1894,2014-03-09,2014,1,March,65,6,4,LARCENY-FROM VEHICLE,house_number,79,W,140680399
219,2020,2014-07-13,2014,3,July,65,6,2,AUTO THEFT,house_number,79,W,141940197
219,2155,2014-11-25,2014,4,November,21,6,14,LARCENY-NON VEHICLE,building,22,W,143291621
220,761,2011-01-31,2011,1,January,55,3,4,LARCENY-FROM VEHICLE,house_number,61,V,110311749
221,900,2011-06-19,2011,2,June,38,5,2,AUTO THEFT,house_number,94,E,111701721
222,1185,2012-03-30,2012,1,March,13,4,26,LARCENY-NON VEHICLE,road,13,T,120900346
222,1604,2013-05-23,2013,2,May,13,4,26,LARCENY-NON VEHICLE,road,13,T,131431391
223,2555,2015-12-30,2015,4,December,74,6,25,ROBBERY-PEDESTRIAN,amenity,74,M,153640252
224,2701,2016-05-24,2016,2,May,47,4,1,LARCENY-NON VEHICLE,house_number,99,P,161453141
225,1481,2013-01-20,2013,1,January,13,4,2,AUTO THEFT,house_number,13,T,130201511
226,102,2009-04-12,2009,2,April,23,6,20,AUTO THEFT,amenity,44,N,91021066
226,353,2009-12-19,2009,4,December,6,6,4,LARCENY-FROM VEHICLE,house_number,6,F,93530946
226,1014,2011-10-11,2011,4,October,7,2,7,LARCENY-FROM VEHICLE,amenity,7,F,112841404
226,1305,2012-07-28,2012,3,July,6,6,24,AGG ASSAULT,amenity,6,F,122102183
226,1662,2013-07-20,2013,3,July,6,6,1,LARCENY-NON VEHICLE,house_number,6,F,132011556
227,1093,2011-12-29,2011,4,December,21,6,2,AUTO THEFT,house_number,22,W,113630523
228,1571,2013-04-20,2013,2,April,23,6,14,LARCENY-NON VEHICLE,building,44,N,131101277
229,1150,2012-02-24,2012,1,February,3,3,10,AGG ASSAULT,house_number,3,V,120552621
229,1918,2014-04-02,2014,2,April,3,3,4,LARCENY-FROM VEHICLE,house_number,3,V,140921728
229,2469,2015-10-05,2015,4,October,50,3,11,ROBBERY-PEDESTRIAN,house_number,54,V,152781432
230,433,2010-03-09,2010,1,March,40,5,15,LARCENY-NON VEHICLE,amenity,33,M,100681003
230,1079,2011-12-15,2011,4,December,40,5,14,LARCENY-NON VEHICLE,building,33,M,113491383
230,1141,2012-02-15,2012,1,February,40,5,15,LARCENY-NON VEHICLE,amenity,33,M,120461227
230,1392,2012-10-23,2012,4,October,40,5,15,LARCENY-NON VEHICLE,amenity,33,M,122971431
230,2874,2016-11-13,2016,4,November,40,5,14,LARCENY-NON VEHICLE,building,33,M,163180855
231,549,2010-07-03,2010,3,July,65,6,1,LARCENY-NON VEHICLE,house_number,79,W,101842180
232,48,2009-02-17,2009,1,February,74,6,14,LARCENY-NON VEHICLE,building,74,M,90481038
232,210,2009-07-29,2009,3,July,74,6,14,LARCENY-NON VEHICLE,building,74,M,92100515
232,323,2009-11-19,2009,4,November,74,6,4,LARCENY-FROM VEHICLE,house_number,74,M,93232188
232,1126,2012-01-31,2012,1,January,12,6,7,LARCENY-FROM VEHICLE,amenity,74,M,120302128
232,1639,2013-06-27,2013,2,June,74,6,1,LARCENY-NON VEHICLE,house_number,74,M,131782813
232,1786,2013-11-21,2013,4,November,74,6,15,LARCENY-NON VEHICLE,amenity,74,M,133250004
232,2028,2014-07-21,2014,3,July,74,6,14,LARCENY-NON VEHICLE,building,74,M,142021532
233,1643,2013-07-01,2013,3,July,66,2,3,BURGLARY-RESIDENCE,house_number,86,F,131820596
233,1988,2014-06-11,2014,2,June,66,2,40,AUTO THEFT,building,86,F,141621845
234,2768,2016-07-30,2016,3,July,23,6,5,LARCENY-FROM VEHICLE,building,44,N,162121871
235,569,2010-07-23,2010,3,July,37,4,3,BURGLARY-RESIDENCE,house_number,100,I,102041418
236,92,2009-04-02,2009,2,April,75,1,37,RAPE,house_number,101,H,90922000
237,2645,2016-03-29,2016,1,March,5,3,4,LARCENY-FROM VEHICLE,house_number,5,Z,160892754
238,513,2010-05-28,2010,2,May,72,5,1,LARCENY-NON VEHICLE,house_number,33,M,101482157
238,1178,2012-03-23,2012,1,March,72,5,35,AUTO THEFT,tourism,33,M,120830705
238,2537,2015-12-12,2015,4,December,72,5,5,LARCENY-FROM VEHICLE,building,33,M,153460944
239,2885,2016-11-24,2016,4,November,31,5,15,LARCENY-NON VEHICLE,amenity,52,M,163290382
240,909,2011-06-28,2011,2,June,21,6,2,AUTO THEFT,house_number,22,W,111791792
240,909,2011-06-28,2011,2,June,21,6,2,AUTO THEFT,house_number,81,V,111790641
241,2239,2015-02-17,2015,1,February,35,3,10,AGG ASSAULT,house_number,102,Z,150481991
242,2522,2015-11-27,2015,4,November,59,2,1,LARCENY-NON VEHICLE,house_number,103,B,153311859
243,379,2010-01-14,2010,1,January,7,2,3,BURGLARY-RESIDENCE,house_number,7,F,100140284
244,2332,2015-05-21,2015,2,May,68,1,10,AGG ASSAULT,house_number,27,H,151410229
245,1209,2012-04-23,2012,2,April,62,5,1,LARCENY-NON VEHICLE,house_number,16,E,121140979
246,2102,2014-10-03,2014,4,October,23,6,4,LARCENY-FROM VEHICLE,house_number,44,N,142762839
247,715,2010-12-16,2010,4,December,34,3,4,LARCENY-FROM VEHICLE,house_number,104,Y,103500352
248,148,2009-05-28,2009,2,May,65,6,1,LARCENY-NON VEHICLE,house_number,79,W,91480734
249,1380,2012-10-11,2012,4,October,53,6,4,LARCENY-FROM VEHICLE,house_number,82,W,122851340
250,937,2011-07-26,2011,3,July,12,6,2,AUTO THEFT,house_number,12,M,112071077
250,1029,2011-10-26,2011,4,October,12,6,5,LARCENY-FROM VEHICLE,building,12,M,112991812
250,1124,2012-01-29,2012,1,January,12,6,5,LARCENY-FROM VEHICLE,building,12,M,120291144
250,2238,2015-02-16,2015,1,February,12,6,5,LARCENY-FROM VEHICLE,building,12,M,150470752
250,2518,2015-11-23,2015,4,November,12,6,5,LARCENY-FROM VEHICLE,building,12,M,153271186
251,1881,2014-02-24,2014,1,February,11,1,3,BURGLARY-RESIDENCE,house_number,11,I,140542355
252,598,2010-08-21,2010,3,August,1,1,3,BURGLARY-RESIDENCE,house_number,1,L,102331696
253,2383,2015-07-11,2015,3,July,12,6,7,LARCENY-FROM VEHICLE,amenity,12,M,151922793
254,2166,2014-12-06,2014,4,December,3,3,21,ROBBERY-PEDESTRIAN,road,3,V,143401325
255,288,2009-10-15,2009,4,October,42,2,4,LARCENY-FROM VEHICLE,house_number,130,B,92880689
255,1636,2013-06-24,2013,2,June,76,2,15,LARCENY-NON VEHICLE,amenity,105,B,131751646
255,2334,2015-05-23,2015,2,May,42,2,1,LARCENY-NON VEHICLE,house_number,130,B,151431619
255,2484,2015-10-20,2015,4,October,76,2,4,LARCENY-FROM VEHICLE,house_number,129,B,152932245
255,2700,2016-05-23,2016,2,May,76,2,18,LARCENY-NON VEHICLE,shop,105,B,161441015
255,2842,2016-10-12,2016,4,October,76,2,7,LARCENY-FROM VEHICLE,amenity,129,B,162861708
255,2907,2016-12-16,2016,4,December,66,2,2,AUTO THEFT,house_number,7,F,163510748
256,61,2009-03-02,2009,1,March,5,3,1,LARCENY-NON VEHICLE,house_number,84,Z,90610709
257,2521,2015-11-26,2015,4,November,22,4,2,AUTO THEFT,house_number,106,P,153301873
258,1174,2012-03-19,2012,1,March,10,1,3,BURGLARY-RESIDENCE,house_number,10,K,120791108
259,541,2010-06-25,2010,2,June,74,6,1,LARCENY-NON VEHICLE,house_number,74,M,101761037
259,822,2011-04-02,2011,2,April,12,6,7,LARCENY-FROM VEHICLE,amenity,74,M,110920736
259,871,2011-05-21,2011,2,May,74,6,2,AUTO THEFT,house_number,74,M,111410863
259,1243,2012-05-27,2012,2,May,74,6,3,BURGLARY-RESIDENCE,house_number,74,M,121482412
259,1260,2012-06-13,2012,2,June,74,6,3,BURGLARY-RESIDENCE,house_number,74,M,121651579
259,1290,2012-07-13,2012,3,July,12,6,7,LARCENY-FROM VEHICLE,amenity,74,M,121952125
259,1582,2013-05-01,2013,2,May,74,6,11,ROBBERY-PEDESTRIAN,house_number,74,M,131210628
259,1956,2014-05-10,2014,2,May,74,6,10,AGG ASSAULT,house_number,74,M,141301783
259,2838,2016-10-08,2016,4,October,74,6,1,LARCENY-NON VEHICLE,house_number,74,M,162822509
260,1789,2013-11-24,2013,4,November,24,1,11,ROBBERY-PEDESTRIAN,house_number,26,L,133272635
261,1810,2013-12-15,2013,4,December,57,2,3,BURGLARY-RESIDENCE,house_number,107,D,133490999
262,312,2009-11-08,2009,4,November,32,6,22,LARCENY-FROM VEHICLE,shop,35,W,93120651
262,1029,2011-10-26,2011,4,October,32,6,18,LARCENY-NON VEHICLE,shop,35,W,112991709
262,1599,2013-05-18,2013,2,May,32,6,38,BURGLARY-NONRES,amenity,79,W,131380452
262,1800,2013-12-05,2013,4,December,32,6,18,LARCENY-NON VEHICLE,shop,35,W,133391227
262,1859,2014-02-02,2014,1,February,65,6,1,LARCENY-NON VEHICLE,house_number,79,W,140331012
262,2315,2015-05-04,2015,2,May,53,6,20,AUTO THEFT,amenity,57,N,151242740
263,390,2010-01-25,2010,1,January,24,1,4,LARCENY-FROM VEHICLE,house_number,26,L,100250168
264,787,2011-02-26,2011,1,February,28,3,1,LARCENY-NON VEHICLE,house_number,30,X,110571443
264,1147,2012-02-21,2012,1,February,52,3,26,LARCENY-NON VEHICLE,road,108,X,120521492
265,26,2009-01-26,2009,1,January,24,1,2,AUTO THEFT,house_number,26,L,90261426
266,1834,2014-01-08,2014,1,January,19,4,4,LARCENY-FROM VEHICLE,house_number,109,R,140082100
267,1231,2012-05-15,2012,2,May,10,1,1,LARCENY-NON VEHICLE,house_number,18,T,121361839
268,492,2010-05-07,2010,2,May,51,2,12,LARCENY-FROM VEHICLE,road,110,C,101271444
269,713,2010-12-14,2010,4,December,32,6,2,AUTO THEFT,house_number,111,W,103480594
270,383,2010-01-18,2010,1,January,37,4,2,AUTO THEFT,house_number,92,S,100181719
271,82,2009-03-23,2009,1,March,20,1,3,BURGLARY-RESIDENCE,house_number,124,G,90820814
271,195,2009-07-14,2009,3,July,57,2,1,LARCENY-NON VEHICLE,house_number,75,D,91950579
271,663,2010-10-25,2010,4,October,45,1,10,AGG ASSAULT,house_number,64,G,102981304
271,858,2011-05-08,2011,2,May,20,1,3,BURGLARY-RESIDENCE,house_number,124,G,111281248
271,1123,2012-01-28,2012,1,January,20,1,10,AGG ASSAULT,house_number,124,G,120281336
271,1217,2012-05-01,2012,2,May,45,1,4,LARCENY-FROM VEHICLE,house_number,64,G,121220068
272,127,2009-05-07,2009,2,May,63,1,11,ROBBERY-PEDESTRIAN,house_number,72,K,91270012
272,379,2010-01-14,2010,1,January,45,1,43,LARCENY-FROM VEHICLE,highway,119,G,100142294
272,729,2010-12-30,2010,4,December,4,1,4,LARCENY-FROM VEHICLE,house_number,8,J,103641521
272,785,2011-02-24,2011,1,February,63,1,55,HOMICIDE,amenity,72,K,110551128009
272,930,2011-07-19,2011,3,July,24,1,4,LARCENY-FROM VEHICLE,house_number,26,L,112001818
272,2027,2014-07-20,2014,3,July,11,1,11,ROBBERY-PEDESTRIAN,house_number,11,I,142010385
272,2386,2015-07-14,2015,3,July,4,1,7,LARCENY-FROM VEHICLE,amenity,4,J,151950250
273,1378,2012-10-09,2012,4,October,31,5,39,AGG ASSAULT,road,33,M,122831235
274,1208,2012-04-22,2012,2,April,65,6,3,BURGLARY-RESIDENCE,house_number,79,W,121131334
275,1785,2013-11-20,2013,4,November,32,6,3,BURGLARY-RESIDENCE,house_number,111,W,133241591
276,1370,2012-10-01,2012,4,October,59,2,2,AUTO THEFT,house_number,112,B,122750300
277,2546,2015-12-21,2015,4,December,38,5,26,LARCENY-NON VEHICLE,road,39,E,153552427
278,2532,2015-12-07,2015,4,December,64,4,1,LARCENY-NON VEHICLE,house_number,113,I,153411291
279,30,2009-01-30,2009,1,January,43,5,14,LARCENY-NON VEHICLE,building,33,M,90301146
279,313,2009-11-09,2009,4,November,43,5,14,LARCENY-NON VEHICLE,building,33,M,93131049
279,397,2010-02-01,2010,1,February,43,5,15,LARCENY-NON VEHICLE,amenity,33,M,100321118
280,1071,2011-12-07,2011,4,December,34,3,2,AUTO THEFT,house_number,104,Y,113411050
281,2894,2016-12-03,2016,4,December,27,2,17,AUTO THEFT,road,60,B,163381123
282,346,2009-12-12,2009,4,December,10,1,4,LARCENY-FROM VEHICLE,house_number,18,T,93461257
283,1951,2014-05-05,2014,2,May,4,1,3,BURGLARY-RESIDENCE,house_number,4,J,141251491
283,2662,2016-04-15,2016,2,April,4,1,4,LARCENY-FROM VEHICLE,house_number,4,J,161061397
284,35,2009-02-04,2009,1,February,29,3,6,BURGLARY-NONRES,house_number,31,Z,90351423
284,521,2010-06-05,2010,2,June,9,3,2,AUTO THEFT,house_number,9,X,101560946
284,1470,2013-01-09,2013,1,January,9,3,1,LARCENY-NON VEHICLE,house_number,9,X,130091359
285,184,2009-07-03,2009,3,July,49,5,2,AUTO THEFT,house_number,33,M,91841679
286,23,2009-01-23,2009,1,January,49,5,34,LARCENY-FROM VEHICLE,tourism,33,M,90230080
286,802,2011-03-13,2011,1,March,49,5,4,LARCENY-FROM VEHICLE,house_number,33,M,110722103
286,1982,2014-06-05,2014,2,June,31,5,12,LARCENY-FROM VEHICLE,road,33,M,141562488
286,2932,2017-01-10,2017,1,January,49,5,34,LARCENY-FROM VEHICLE,tourism,33,M,170100574
287,1272,2012-06-25,2012,2,June,50,3,4,LARCENY-FROM VEHICLE,house_number,54,V,121771505
287,1278,2012-07-01,2012,3,July,50,3,11,ROBBERY-PEDESTRIAN,house_number,54,V,121832166
287,1922,2014-04-06,2014,2,April,50,3,4,LARCENY-FROM VEHICLE,house_number,54,V,140961893
288,23,2009-01-23,2009,1,January,12,6,6,BURGLARY-NONRES,house_number,74,M,90230875
288,334,2009-11-30,2009,4,November,12,6,45,BURGLARY-NONRES,building,12,M,93340517
288,446,2010-03-22,2010,1,March,12,6,1,LARCENY-NON VEHICLE,house_number,74,M,100810507
288,1239,2012-05-23,2012,2,May,12,6,2,AUTO THEFT,house_number,74,M,121442477
289,1222,2012-05-06,2012,2,May,64,4,4,LARCENY-FROM VEHICLE,house_number,113,I,121271016
290,1473,2013-01-12,2013,1,January,58,4,2,AUTO THEFT,house_number,59,S,130112805
291,1916,2014-03-31,2014,1,March,59,2,1,LARCENY-NON VEHICLE,house_number,112,B,140901162
292,75,2009-03-16,2009,1,March,58,4,2,AUTO THEFT,house_number,85,S,90750925
293,2161,2014-12-01,2014,4,December,61,2,4,LARCENY-FROM VEHICLE,house_number,115,A,143350680
294,2540,2015-12-15,2015,4,December,49,5,5,LARCENY-FROM VEHICLE,building,33,M,153492772
295,2180,2014-12-20,2014,4,December,11,1,12,LARCENY-FROM VEHICLE,road,11,I,143542054
296,1970,2014-05-24,2014,2,May,11,1,3,BURGLARY-RESIDENCE,house_number,11,I,141441486
297,2592,2016-02-05,2016,1,February,71,4,17,AUTO THEFT,road,93,R,160362538
298,41,2009-02-10,2009,1,February,72,5,12,LARCENY-FROM VEHICLE,road,33,M,90412055
299,2862,2016-11-01,2016,4,November,50,3,1,LARCENY-NON VEHICLE,house_number,54,V,163060969
300,317,2009-11-13,2009,4,November,60,5,22,LARCENY-FROM VEHICLE,shop,95,E,93170899
300,1020,2011-10-17,2011,4,October,60,5,22,LARCENY-FROM VEHICLE,shop,95,E,112902390
300,1837,2014-01-11,2014,1,January,60,5,5,LARCENY-FROM VEHICLE,building,95,E,140111729
301,2311,2015-04-30,2015,2,April,38,5,11,ROBBERY-PEDESTRIAN,house_number,94,E,151202673
302,1612,2013-05-31,2013,2,May,58,4,3,BURGLARY-RESIDENCE,house_number,59,S,131512352
302,2465,2015-10-01,2015,4,October,58,4,10,AGG ASSAULT,house_number,59,S,152740271
303,1581,2013-04-30,2013,2,April,34,3,10,AGG ASSAULT,house_number,116,Y,131200351
304,450,2010-03-26,2010,1,March,4,1,1,LARCENY-NON VEHICLE,house_number,46,G,100850909
305,2335,2015-05-24,2015,2,May,11,1,2,AUTO THEFT,house_number,11,I,151440962
306,353,2009-12-19,2009,4,December,28,3,6,BURGLARY-NONRES,house_number,30,X,93530418
306,1514,2013-02-22,2013,1,February,28,3,2,AUTO THEFT,house_number,30,X,130531328
307,2256,2015-03-06,2015,1,March,67,4,12,LARCENY-FROM VEHICLE,road,83,R,150651327
307,2642,2016-03-26,2016,1,March,67,4,26,LARCENY-NON VEHICLE,road,83,R,160862598
307,2759,2016-07-21,2016,3,July,67,4,12,LARCENY-FROM VEHICLE,road,83,R,162031396
308,8,2009-01-08,2009,1,January,2,4,2,AUTO THEFT,house_number,2,I,90080777
308,1564,2013-04-13,2013,2,April,2,4,2,AUTO THEFT,house_number,2,I,131030657
309,1461,2012-12-31,2012,4,December,15,6,2,AUTO THEFT,house_number,15,O,123660881
310,2536,2015-12-11,2015,4,December,76,2,12,LARCENY-FROM VEHICLE,road,105,B,153451019
311,657,2010-10-19,2010,4,October,67,4,2,AUTO THEFT,house_number,83,R,102921727
312,1465,2013-01-04,2013,1,January,8,1,1,LARCENY-NON VEHICLE,house_number,8,J,130042423
313,2281,2015-03-31,2015,1,March,45,1,2,AUTO THEFT,house_number,118,G,150903466
313,2316,2015-05-05,2015,2,May,45,1,2,AUTO THEFT,house_number,118,G,151250469
314,662,2010-10-24,2010,4,October,64,4,3,BURGLARY-RESIDENCE,house_number,113,I,102970849
314,1272,2012-06-25,2012,2,June,64,4,3,BURGLARY-RESIDENCE,house_number,78,T,121772269
315,305,2009-11-01,2009,4,November,73,2,37,RAPE,house_number,117,A,93051143
316,2371,2015-06-29,2015,2,June,63,1,3,BURGLARY-RESIDENCE,house_number,72,K,151800863
317,1828,2014-01-02,2014,1,January,71,4,4,LARCENY-FROM VEHICLE,house_number,93,R,140012418
318,176,2009-06-25,2009,2,June,52,3,21,ROBBERY-PEDESTRIAN,road,108,X,91760461
319,1629,2013-06-17,2013,2,June,67,4,3,BURGLARY-RESIDENCE,house_number,83,R,131682323
320,433,2010-03-09,2010,1,March,64,4,6,BURGLARY-NONRES,house_number,78,T,100680024
320,1027,2011-10-24,2011,4,October,64,4,3,BURGLARY-RESIDENCE,house_number,78,T,112971836
321,908,2011-06-27,2011,2,June,10,1,2,AUTO THEFT,house_number,18,T,111780460
322,502,2010-05-17,2010,2,May,55,3,4,LARCENY-FROM VEHICLE,house_number,71,V,101370549
323,2933,2017-01-11,2017,1,January,70,6,2,AUTO THEFT,house_number,90,N,170110897
324,1664,2013-07-22,2013,3,July,10,1,3,BURGLARY-RESIDENCE,house_number,10,K,132031911
324,2008,2014-07-01,2014,3,July,10,1,4,LARCENY-FROM VEHICLE,house_number,10,K,141820514
325,326,2009-11-22,2009,4,November,57,2,12,LARCENY-FROM VEHICLE,road,120,D,93261179
326,462,2010-04-07,2010,2,April,20,1,10,AGG ASSAULT,house_number,8,J,100971204
327,917,2011-07-06,2011,3,July,33,4,3,BURGLARY-RESIDENCE,house_number,59,S,111870319
328,2540,2015-12-15,2015,4,December,37,4,2,AUTO THEFT,house_number,121,I,153490826
329,360,2009-12-26,2009,4,December,50,3,20,AUTO THEFT,amenity,54,V,93600535
329,2555,2015-12-30,2015,4,December,50,3,7,LARCENY-FROM VEHICLE,amenity,54,V,153641558
330,1471,2013-01-10,2013,1,January,29,3,2,AUTO THEFT,house_number,31,Z,130100488
330,1885,2014-02-28,2014,1,February,29,3,10,AGG ASSAULT,house_number,31,Z,140590550
331,2287,2015-04-06,2015,2,April,75,1,3,BURGLARY-RESIDENCE,house_number,122,H,150961760
332,723,2010-12-24,2010,4,December,28,3,2,AUTO THEFT,house_number,30,X,103581907
333,1777,2013-11-12,2013,4,November,32,6,6,BURGLARY-NONRES,house_number,111,W,133162679
334,1797,2013-12-02,2013,4,December,65,6,3,BURGLARY-RESIDENCE,house_number,79,W,133360627
335,207,2009-07-26,2009,3,July,48,2,1,LARCENY-NON VEHICLE,house_number,42,B,92060930
336,1065,2011-12-01,2011,4,December,16,5,1,LARCENY-NON VEHICLE,house_number,16,E,113352418
336,1447,2012-12-17,2012,4,December,16,5,4,LARCENY-FROM VEHICLE,house_number,16,E,123522485
337,1082,2011-12-18,2011,4,December,11,1,1,LARCENY-NON VEHICLE,house_number,11,I,113521034
338,356,2009-12-22,2009,4,December,76,2,15,LARCENY-NON VEHICLE,amenity,105,B,93561383
338,648,2010-10-10,2010,4,October,76,2,24,AGG ASSAULT,amenity,105,B,102830128
339,278,2009-10-05,2009,4,October,9,3,4,LARCENY-FROM VEHICLE,house_number,9,X,92781517
340,1584,2013-05-03,2013,2,May,55,3,4,LARCENY-FROM VEHICLE,house_number,61,V,131230318
340,2233,2015-02-11,2015,1,February,55,3,2,AUTO THEFT,house_number,61,V,150421216
341,2402,2015-07-30,2015,3,July,78,2,4,LARCENY-FROM VEHICLE,house_number,123,C,152112489
342,904,2011-06-23,2011,2,June,14,4,4,LARCENY-FROM VEHICLE,house_number,14,P,111742496
343,2907,2016-12-16,2016,4,December,4,1,2,AUTO THEFT,house_number,124,G,163511737
344,607,2010-08-30,2010,3,August,77,5,7,LARCENY-FROM VEHICLE,amenity,33,M,102421292
344,755,2011-01-25,2011,1,January,3,3,15,LARCENY-NON VEHICLE,amenity,3,V,110251393
345,922,2011-07-11,2011,3,July,38,5,5,LARCENY-FROM VEHICLE,building,94,E,111920872
346,530,2010-06-14,2010,2,June,48,2,22,LARCENY-FROM VEHICLE,shop,125,B,101650940
346,1372,2012-10-03,2012,4,October,48,2,22,LARCENY-FROM VEHICLE,shop,125,B,122772263
347,911,2011-06-30,2011,2,June,19,4,1,LARCENY-NON VEHICLE,house_number,126,I,111810810
348,1436,2012-12-06,2012,4,December,75,1,13,AGG ASSAULT,shop,127,H,123412752
348,1931,2014-04-15,2014,2,April,57,2,15,LARCENY-NON VEHICLE,amenity,75,D,141052205
349,359,2009-12-25,2009,4,December,33,4,2,AUTO THEFT,house_number,13,T,93590144
350,1540,2013-03-20,2013,1,March,27,2,4,LARCENY-FROM VEHICLE,house_number,128,B,130790849
351,1541,2013-03-21,2013,1,March,52,3,2,AUTO THEFT,house_number,80,V,130800464
352,1926,2014-04-10,2014,2,April,24,1,4,LARCENY-FROM VEHICLE,house_number,26,L,141002049
353,202,2009-07-21,2009,3,July,63,1,11,ROBBERY-PEDESTRIAN,house_number,72,K,92021608
354,194,2009-07-13,2009,3,July,62,5,4,LARCENY-FROM VEHICLE,house_number,16,E,91941717
355,1589,2013-05-08,2013,2,May,25,4,3,BURGLARY-RESIDENCE,house_number,27,H,131282277
356,1977,2014-05-31,2014,2,May,45,1,11,ROBBERY-PEDESTRIAN,house_number,46,G,141510212
357,1958,2014-05-12,2014,2,May,77,5,5,LARCENY-FROM VEHICLE,building,33,M,141320502
358,599,2010-08-22,2010,3,August,32,6,4,LARCENY-FROM VEHICLE,house_number,82,W,102341133
359,1287,2012-07-10,2012,3,July,76,2,4,LARCENY-FROM VEHICLE,house_number,129,B,121920432
360,64,2009-03-05,2009,1,March,26,1,4,LARCENY-FROM VEHICLE,house_number,28,T,90641129
361,1978,2014-06-01,2014,2,June,18,3,10,AGG ASSAULT,house_number,19,Y,141521170
362,1096,2012-01-01,2012,1,January,49,5,34,LARCENY-FROM VEHICLE,tourism,33,M,120010533
363,1450,2012-12-20,2012,4,December,65,6,9,ROBBERY-RESIDENCE,house_number,79,W,123552141
364,730,2010-12-31,2010,4,December,19,4,3,BURGLARY-RESIDENCE,house_number,20,R,103650788
365,2950,2017-01-28,2017,1,January,8,1,10,AGG ASSAULT,house_number,8,J,170282615
366,1520,2013-02-28,2013,1,February,5,3,3,BURGLARY-RESIDENCE,house_number,76,Z,130590735
367,2547,2015-12-22,2015,4,December,1,1,3,BURGLARY-RESIDENCE,house_number,1,L,153561042
367,2643,2016-03-27,2016,1,March,1,1,4,LARCENY-FROM VEHICLE,house_number,1,L,160871673
368,705,2010-12-06,2010,4,December,23,6,2,AUTO THEFT,house_number,44,N,103400678
368,2491,2015-10-27,2015,4,October,23,6,2,AUTO THEFT,house_number,25,N,153003342
369,393,2010-01-28,2010,1,January,12,6,4,LARCENY-FROM VEHICLE,house_number,12,M,100280458
369,2179,2014-12-19,2014,4,December,12,6,15,LARCENY-NON VEHICLE,amenity,12,M,143531764
369,2554,2015-12-29,2015,4,December,12,6,52,BURGLARY-RESIDENCE,amenity,12,M,153631167
370,2369,2015-06-27,2015,2,June,57,2,4,LARCENY-FROM VEHICLE,house_number,75,D,151782449
371,2191,2014-12-31,2014,4,December,10,1,11,ROBBERY-PEDESTRIAN,house_number,18,T,143651584
372,476,2010-04-21,2010,2,April,16,5,1,LARCENY-NON VEHICLE,house_number,16,E,101111088
373,2685,2016-05-08,2016,2,May,13,4,1,LARCENY-NON VEHICLE,house_number,13,T,161290025
374,1137,2012-02-11,2012,1,February,14,4,12,LARCENY-FROM VEHICLE,road,14,P,120421629
374,2728,2016-06-20,2016,2,June,14,4,17,AUTO THEFT,road,14,P,161721643
375,909,2011-06-28,2011,2,June,57,2,3,BURGLARY-RESIDENCE,house_number,75,D,111790941
376,1545,2013-03-25,2013,1,March,42,2,7,LARCENY-FROM VEHICLE,amenity,42,B,130841084
376,1550,2013-03-30,2013,1,March,42,2,20,AUTO THEFT,amenity,42,B,130892482
376,2347,2015-06-05,2015,2,June,42,2,15,LARCENY-NON VEHICLE,amenity,42,B,151561753
377,1671,2013-07-29,2013,3,July,78,2,3,BURGLARY-RESIDENCE,house_number,131,C,132101212
378,2472,2015-10-08,2015,4,October,48,2,2,AUTO THEFT,house_number,42,B,152810878
379,2494,2015-10-30,2015,4,October,27,2,4,LARCENY-FROM VEHICLE,house_number,29,B,153033324
380,2980,2017-02-27,2017,1,February,44,3,2,AUTO THEFT,house_number,48,Z,170581934
381,1424,2012-11-24,2012,4,November,56,5,5,LARCENY-FROM VEHICLE,building,16,E,123292339
381,2522,2015-11-27,2015,4,November,56,5,5,LARCENY-FROM VEHICLE,building,16,E,153311476
382,1479,2013-01-18,2013,1,January,4,1,1,LARCENY-NON VEHICLE,house_number,4,J,130181648
383,1260,2012-06-13,2012,2,June,35,3,3,BURGLARY-RESIDENCE,house_number,37,Z,121650923
384,473,2010-04-18,2010,2,April,13,4,11,ROBBERY-PEDESTRIAN,house_number,13,T,101081898
384,1440,2012-12-10,2012,4,December,13,4,3,BURGLARY-RESIDENCE,house_number,13,T,123451160
385,2465,2015-10-01,2015,4,October,59,2,18,LARCENY-NON VEHICLE,shop,65,B,152741628
386,340,2009-12-06,2009,4,December,38,5,4,LARCENY-FROM VEHICLE,house_number,94,E,93401098
387,1910,2014-03-25,2014,1,March,12,6,7,LARCENY-FROM VEHICLE,amenity,74,M,140841560
388,1031,2011-10-28,2011,4,October,17,6,4,LARCENY-FROM VEHICLE,house_number,17,O,113011391
389,1972,2014-05-26,2014,2,May,75,1,6,BURGLARY-NONRES,house_number,122,H,141460995
390,468,2010-04-13,2010,2,April,54,1,4,LARCENY-FROM VEHICLE,house_number,98,J,101031897
391,683,2010-11-14,2010,4,November,23,6,11,ROBBERY-PEDESTRIAN,house_number,44,N,103180326
392,1479,2013-01-18,2013,1,January,41,2,4,LARCENY-FROM VEHICLE,house_number,133,E,130181224
393,1773,2013-11-08,2013,4,November,48,2,4,LARCENY-FROM VEHICLE,house_number,134,B,133121192
394,1262,2012-06-15,2012,2,June,24,1,30,HOMICIDE,house_number,26,L,121651500031
395,324,2009-11-20,2009,4,November,6,6,4,LARCENY-FROM VEHICLE,house_number,6,F,93241132
396,889,2011-06-08,2011,2,June,22,4,26,LARCENY-NON VEHICLE,road,143,P,111592621
396,1160,2012-03-05,2012,1,March,22,4,1,LARCENY-NON VEHICLE,house_number,135,P,120652346
397,194,2009-07-13,2009,3,July,37,4,3,BURGLARY-RESIDENCE,house_number,92,S,91940692
398,1167,2012-03-12,2012,1,March,42,2,22,LARCENY-FROM VEHICLE,shop,130,B,120721884
399,933,2011-07-22,2011,3,July,73,2,26,LARCENY-NON VEHICLE,road,117,A,112031858
400,2357,2015-06-15,2015,2,June,18,3,4,LARCENY-FROM VEHICLE,house_number,19,Y,151662625
401,475,2010-04-20,2010,2,April,34,3,24,AGG ASSAULT,amenity,116,Y,101101463
402,120,2009-04-30,2009,2,April,76,2,5,LARCENY-FROM VEHICLE,building,105,B,91200799
402,1028,2011-10-25,2011,4,October,76,2,18,LARCENY-NON VEHICLE,shop,105,B,112981378
403,1842,2014-01-16,2014,1,January,11,1,2,AUTO THEFT,house_number,11,I,140160735
404,11,2009-01-11,2009,1,January,34,3,11,ROBBERY-PEDESTRIAN,house_number,116,Y,90110868
404,558,2010-07-12,2010,3,July,32,6,1,LARCENY-NON VEHICLE,house_number,111,W,101931349
405,1787,2013-11-22,2013,4,November,23,6,4,LARCENY-FROM VEHICLE,house_number,44,N,133262729
406,1672,2013-07-30,2013,3,July,31,5,4,LARCENY-FROM VEHICLE,house_number,52,M,132110016
407,469,2010-04-14,2010,2,April,3,3,2,AUTO THEFT,house_number,3,V,101040158
408,1662,2013-07-20,2013,3,July,5,3,3,BURGLARY-RESIDENCE,house_number,84,Z,132011309
408,2148,2014-11-18,2014,4,November,28,3,11,ROBBERY-PEDESTRIAN,house_number,30,X,143221709
409,508,2010-05-23,2010,2,May,56,5,1,LARCENY-NON VEHICLE,house_number,16,E,101430568
410,182,2009-07-01,2009,3,July,35,3,17,AUTO THEFT,road,37,Z,91822370
411,1220,2012-05-04,2012,2,May,37,4,3,BURGLARY-RESIDENCE,house_number,137,O,121250669
412,1979,2014-06-02,2014,2,June,62,5,32,ROBBERY-PEDESTRIAN,building,16,E,141530020
413,1456,2012-12-26,2012,4,December,45,1,2,AUTO THEFT,house_number,46,G,123610575
414,834,2011-04-14,2011,2,April,35,3,14,LARCENY-NON VEHICLE,building,102,Z,111040773
415,323,2009-11-19,2009,4,November,54,1,11,ROBBERY-PEDESTRIAN,house_number,68,K,93230776
416,2623,2016-03-07,2016,1,March,23,6,38,BURGLARY-NONRES,amenity,44,N,160670474
417,1442,2012-12-12,2012,4,December,35,3,4,LARCENY-FROM VEHICLE,house_number,37,Z,123471408
418,507,2010-05-22,2010,2,May,75,1,3,BURGLARY-RESIDENCE,house_number,138,G,101422243
419,201,2009-07-20,2009,3,July,63,1,1,LARCENY-NON VEHICLE,house_number,72,K,92011925
420,777,2011-02-16,2011,1,February,21,6,3,BURGLARY-RESIDENCE,house_number,22,W,110472351
421,1567,2013-04-16,2013,2,April,43,5,15,LARCENY-NON VEHICLE,amenity,33,M,131061318
421,1770,2013-11-05,2013,4,November,43,5,15,LARCENY-NON VEHICLE,amenity,33,M,133091875
422,1549,2013-03-29,2013,1,March,35,3,48,BURGLARY-NONRES,road,37,Z,130880921
423,1158,2012-03-03,2012,1,March,4,1,9,ROBBERY-RESIDENCE,house_number,46,G,120631381
424,12,2009-01-12,2009,1,January,39,6,15,LARCENY-NON VEHICLE,amenity,139,O,90121827
425,1124,2012-01-29,2012,1,January,71,4,10,AGG ASSAULT,house_number,93,R,120291566
426,2117,2014-10-18,2014,4,October,18,3,3,BURGLARY-RESIDENCE,house_number,19,Y,142910566
427,1195,2012-04-09,2012,2,April,25,4,4,LARCENY-FROM VEHICLE,house_number,140,H,121000961
428,497,2010-05-12,2010,2,May,50,3,2,AUTO THEFT,house_number,54,V,101320118
429,334,2009-11-30,2009,4,November,77,5,15,LARCENY-NON VEHICLE,amenity,33,M,93341169
429,1786,2013-11-21,2013,4,November,77,5,49,LARCENY-FROM VEHICLE,office,33,M,133250798
430,1196,2012-04-10,2012,2,April,10,1,1,LARCENY-NON VEHICLE,house_number,10,K,121011073
430,2485,2015-10-21,2015,4,October,10,1,19,BURGLARY-RESIDENCE,road,10,K,152942532
431,1104,2012-01-09,2012,1,January,8,1,2,AUTO THEFT,house_number,8,J,120091137
432,470,2010-04-15,2010,2,April,55,3,11,ROBBERY-PEDESTRIAN,house_number,61,V,101052307
433,377,2010-01-12,2010,1,January,76,2,50,BURGLARY-RESIDENCE,building,141,B,100121410
433,2884,2016-11-23,2016,4,November,76,2,50,BURGLARY-RESIDENCE,building,141,B,163281862
434,2756,2016-07-18,2016,3,July,8,1,2,AUTO THEFT,house_number,8,J,162001024
435,817,2011-03-28,2011,1,March,20,1,3,BURGLARY-RESIDENCE,house_number,21,G,110870793
436,1441,2012-12-11,2012,4,December,39,6,1,LARCENY-NON VEHICLE,house_number,40,O,123460799
437,755,2011-01-25,2011,1,January,6,6,4,LARCENY-FROM VEHICLE,house_number,6,F,110250805
438,1807,2013-12-12,2013,4,December,52,3,4,LARCENY-FROM VEHICLE,house_number,108,X,133461355
439,2149,2014-11-19,2014,4,November,58,4,3,BURGLARY-RESIDENCE,house_number,59,S,143222897
440,747,2011-01-17,2011,1,January,63,1,51,LARCENY-FROM VEHICLE,place,142,K,110170954
440,872,2011-05-22,2011,2,May,24,1,9,ROBBERY-RESIDENCE,house_number,26,L,111422149
440,2729,2016-06-21,2016,2,June,10,1,7,LARCENY-FROM VEHICLE,amenity,18,T,161731156
441,2014,2014-07-07,2014,3,July,50,3,3,BURGLARY-RESIDENCE,house_number,54,V,141881763
442,900,2011-06-19,2011,2,June,68,1,3,BURGLARY-RESIDENCE,house_number,27,H,111692556
443,894,2011-06-13,2011,2,June,53,6,3,BURGLARY-RESIDENCE,house_number,22,W,111641476
443,2355,2015-06-13,2015,2,June,53,6,11,ROBBERY-PEDESTRIAN,house_number,22,W,151640506
444,2615,2016-02-28,2016,1,February,46,3,11,ROBBERY-PEDESTRIAN,house_number,47,X,160591644
445,1895,2014-03-10,2014,1,March,28,3,2,AUTO THEFT,house_number,108,X,140691072
446,1604,2013-05-23,2013,2,May,49,5,4,LARCENY-FROM VEHICLE,house_number,33,M,131431546
447,1462,2013-01-01,2013,1,January,58,4,30,HOMICIDE,house_number,85,S,130010993001
448,1826,2013-12-31,2013,4,December,22,4,3,BURGLARY-RESIDENCE,house_number,24,P,133652173
449,2575,2016-01-19,2016,1,January,38,5,4,LARCENY-FROM VEHICLE,house_number,94,E,160190077
450,2242,2015-02-20,2015,1,February,22,4,3,BURGLARY-RESIDENCE,house_number,144,P,150513276
451,1405,2012-11-05,2012,4,November,73,2,3,BURGLARY-RESIDENCE,house_number,117,A,123101319
452,2259,2015-03-09,2015,1,March,27,2,4,LARCENY-FROM VEHICLE,house_number,145,B,150681764
453,709,2010-12-10,2010,4,December,3,3,1,LARCENY-NON VEHICLE,house_number,3,V,103440905
453,2590,2016-02-03,2016,1,February,3,3,1,LARCENY-NON VEHICLE,house_number,3,V,160343236
454,2589,2016-02-02,2016,1,February,41,2,4,LARCENY-FROM VEHICLE,house_number,147,E,160333114
455,137,2009-05-17,2009,2,May,28,3,2,AUTO THEFT,house_number,30,X,91371173
456,529,2010-06-13,2010,2,June,50,3,11,ROBBERY-PEDESTRIAN,house_number,54,V,101640074
457,1477,2013-01-16,2013,1,January,58,4,1,LARCENY-NON VEHICLE,house_number,59,S,130162052
458,1547,2013-03-27,2013,1,March,29,3,4,LARCENY-FROM VEHICLE,house_number,88,Z,130860439
459,2833,2016-10-03,2016,4,October,18,3,4,LARCENY-FROM VEHICLE,house_number,5,Z,162770879
460,2568,2016-01-12,2016,1,January,51,2,4,LARCENY-FROM VEHICLE,house_number,62,D,160122398
461,2571,2016-01-15,2016,1,January,45,1,4,LARCENY-FROM VEHICLE,house_number,119,G,160151165
462,2757,2016-07-19,2016,3,July,21,6,18,LARCENY-NON VEHICLE,shop,22,W,162011993
463,364,2009-12-30,2009,4,December,18,3,1,LARCENY-NON VEHICLE,house_number,19,Y,93641270
464,1484,2013-01-23,2013,1,January,10,1,38,BURGLARY-NONRES,amenity,10,K,130231029
465,136,2009-05-16,2009,2,May,59,2,4,LARCENY-FROM VEHICLE,house_number,112,B,91360704
466,544,2010-06-28,2010,2,June,55,3,5,LARCENY-FROM VEHICLE,building,61,V,101791927
467,414,2010-02-18,2010,1,February,35,3,1,LARCENY-NON VEHICLE,house_number,37,Z,100491025
468,2726,2016-06-18,2016,2,June,15,6,4,LARCENY-FROM VEHICLE,house_number,15,O,161701779
469,662,2010-10-24,2010,4,October,59,2,3,BURGLARY-RESIDENCE,house_number,112,B,102971794
469,685,2010-11-16,2010,4,November,59,2,7,LARCENY-FROM VEHICLE,amenity,112,B,103201188
470,1603,2013-05-22,2013,2,May,53,6,11,ROBBERY-PEDESTRIAN,house_number,57,N,131421077
471,1804,2013-12-09,2013,4,December,53,6,4,LARCENY-FROM VEHICLE,house_number,136,N,133432457
472,124,2009-05-04,2009,2,May,67,4,30,HOMICIDE,house_number,83,R,91231304024
473,1635,2013-06-23,2013,2,June,30,1,3,BURGLARY-RESIDENCE,house_number,32,J,131740270
473,2564,2016-01-08,2016,1,January,30,1,9,ROBBERY-RESIDENCE,house_number,32,J,160082436
474,2386,2015-07-14,2015,3,July,18,3,10,AGG ASSAULT,house_number,19,Y,151950415
475,137,2009-05-17,2009,2,May,64,4,10,AGG ASSAULT,house_number,78,T,91371110
476,1518,2013-02-26,2013,1,February,39,6,3,BURGLARY-RESIDENCE,house_number,40,O,130571358
477,1469,2013-01-08,2013,1,January,37,4,3,BURGLARY-RESIDENCE,house_number,137,O,130081415
478,2108,2014-10-09,2014,4,October,51,2,1,LARCENY-NON VEHICLE,house_number,62,D,142821468
479,2033,2014-07-26,2014,3,July,52,3,30,HOMICIDE,house_number,80,V,142071703046
480,2761,2016-07-23,2016,3,July,75,1,3,BURGLARY-RESIDENCE,house_number,101,H,162051268
481,2127,2014-10-28,2014,4,October,10,1,4,LARCENY-FROM VEHICLE,house_number,18,T,143012377
482,467,2010-04-12,2010,2,April,15,6,3,BURGLARY-RESIDENCE,house_number,15,O,101020929
482,1568,2013-04-17,2013,2,April,15,6,10,AGG ASSAULT,house_number,15,O,131070405
483,1023,2011-10-20,2011,4,October,55,3,3,BURGLARY-RESIDENCE,house_number,61,V,112931476
484,734,2011-01-04,2011,1,January,18,3,3,BURGLARY-RESIDENCE,house_number,19,Y,110041017
485,735,2011-01-05,2011,1,January,51,2,4,LARCENY-FROM VEHICLE,house_number,62,D,110050488
485,1272,2012-06-25,2012,2,June,51,2,4,LARCENY-FROM VEHICLE,house_number,62,D,121770797
486,873,2011-05-23,2011,2,May,18,3,3,BURGLARY-RESIDENCE,house_number,19,Y,111431837
487,46,2009-02-15,2009,1,February,29,3,10,AGG ASSAULT,house_number,114,Z,90460473
488,897,2011-06-16,2011,2,June,19,4,3,BURGLARY-RESIDENCE,house_number,20,R,111671448
489,81,2009-03-22,2009,1,March,68,1,2,AUTO THEFT,house_number,27,H,90810304
489,1964,2014-05-18,2014,2,May,68,1,11,ROBBERY-PEDESTRIAN,house_number,27,H,141380357
490,1038,2011-11-04,2011,4,November,14,4,10,AGG ASSAULT,house_number,149,P,113080246
491,2688,2016-05-11,2016,2,May,74,6,4,LARCENY-FROM VEHICLE,house_number,74,M,161322574
492,444,2010-03-20,2010,1,March,21,6,3,BURGLARY-RESIDENCE,house_number,22,W,100792165
493,2767,2016-07-29,2016,3,July,38,5,4,LARCENY-FROM VEHICLE,house_number,94,E,162112468
494,334,2009-11-30,2009,4,November,47,4,3,BURGLARY-RESIDENCE,house_number,150,P,93341891
495,2345,2015-06-03,2015,2,June,37,4,3,BURGLARY-RESIDENCE,house_number,126,I,151541770
496,1566,2013-04-15,2013,2,April,15,6,3,BURGLARY-RESIDENCE,house_number,15,O,131051811
497,809,2011-03-20,2011,1,March,52,3,3,BURGLARY-RESIDENCE,house_number,80,V,110791055
498,1578,2013-04-27,2013,2,April,44,3,11,ROBBERY-PEDESTRIAN,house_number,151,Z,131170255
499,2466,2015-10-02,2015,4,October,41,2,2,AUTO THEFT,house_number,41,E,152752927
500,323,2009-11-19,2009,4,November,30,1,1,LARCENY-NON VEHICLE,house_number,32,J,93230728
501,2632,2016-03-16,2016,1,March,45,1,2,AUTO THEFT,house_number,152,G,160763164
502,1933,2014-04-17,2014,2,April,31,5,50,BURGLARY-RESIDENCE,building,52,M,141073010
503,920,2011-07-09,2011,3,July,76,2,5,LARCENY-FROM VEHICLE,building,105,B,111900791
504,756,2011-01-26,2011,1,January,28,3,2,AUTO THEFT,house_number,30,X,110261245
504,2682,2016-05-05,2016,2,May,28,3,10,AGG ASSAULT,house_number,30,X,161261986
505,2002,2014-06-25,2014,2,June,7,2,4,LARCENY-FROM VEHICLE,house_number,7,F,141762450
506,2929,2017-01-07,2017,1,January,59,2,18,LARCENY-NON VEHICLE,shop,65,B,170070915
507,81,2009-03-22,2009,1,March,26,1,20,AUTO THEFT,amenity,28,T,90810383
508,395,2010-01-30,2010,1,January,52,3,2,AUTO THEFT,house_number,80,V,100300031
509,474,2010-04-19,2010,2,April,17,6,20,AUTO THEFT,amenity,15,O,101091808
510,2750,2016-07-12,2016,3,July,5,3,26,LARCENY-NON VEHICLE,road,76,Z,161940914
511,1141,2012-02-15,2012,1,February,5,3,3,BURGLARY-RESIDENCE,house_number,76,Z,120460762
512,1145,2012-02-19,2012,1,February,75,1,1,LARCENY-NON VEHICLE,house_number,122,H,120501523
513,35,2009-02-04,2009,1,February,53,6,3,BURGLARY-RESIDENCE,house_number,136,N,90351163
514,443,2010-03-19,2010,1,March,41,2,2,AUTO THEFT,house_number,154,E,100782410
515,1813,2013-12-18,2013,4,December,46,3,1,LARCENY-NON VEHICLE,house_number,47,X,133522341
516,2320,2015-05-09,2015,2,May,9,3,11,ROBBERY-PEDESTRIAN,house_number,9,X,151292856
517,1230,2012-05-14,2012,2,May,18,3,1,LARCENY-NON VEHICLE,house_number,5,Z,121350666
518,337,2009-12-03,2009,4,December,23,6,7,LARCENY-FROM VEHICLE,amenity,44,N,93371139
519,692,2010-11-23,2010,4,November,72,5,7,LARCENY-FROM VEHICLE,amenity,33,M,103270775
520,1739,2013-10-05,2013,4,October,10,1,12,LARCENY-FROM VEHICLE,road,18,T,132782940
521,1830,2014-01-04,2014,1,January,3,3,2,AUTO THEFT,house_number,3,V,140041420
522,819,2011-03-30,2011,1,March,76,2,19,BURGLARY-RESIDENCE,road,105,B,110891331
522,2151,2014-11-21,2014,4,November,76,2,40,AUTO THEFT,building,105,B,143252580
523,1060,2011-11-26,2011,4,November,41,2,1,LARCENY-NON VEHICLE,house_number,41,E,113300937
524,124,2009-05-04,2009,2,May,68,1,17,AUTO THEFT,road,27,H,91241945
524,1636,2013-06-24,2013,2,June,11,1,17,AUTO THEFT,road,11,I,131752001
525,846,2011-04-26,2011,2,April,11,1,3,BURGLARY-RESIDENCE,house_number,11,I,111161340
526,2030,2014-07-23,2014,3,July,41,2,54,BURGLARY-NONRES,office,154,E,142040637
527,1633,2013-06-21,2013,2,June,55,3,10,AGG ASSAULT,house_number,71,V,131721704
528,894,2011-06-13,2011,2,June,73,2,6,BURGLARY-NONRES,house_number,117,A,111640392
529,164,2009-06-13,2009,2,June,51,2,11,ROBBERY-PEDESTRIAN,house_number,120,D,91640243
530,195,2009-07-14,2009,3,July,19,4,3,BURGLARY-RESIDENCE,house_number,20,R,91951786
531,1403,2012-11-03,2012,4,November,23,6,33,ROBBERY-COMMERCIAL,house_number,44,N,123080355
532,2704,2016-05-27,2016,2,May,20,1,1,LARCENY-NON VEHICLE,house_number,8,J,161482448
533,2123,2014-10-24,2014,4,October,59,2,26,LARCENY-NON VEHICLE,road,112,B,142972280
534,2495,2015-10-31,2015,4,October,69,4,4,LARCENY-FROM VEHICLE,house_number,85,S,153042807
535,2890,2016-11-29,2016,4,November,5,3,3,BURGLARY-RESIDENCE,house_number,76,Z,163343019
536,332,2009-11-28,2009,4,November,22,4,3,BURGLARY-RESIDENCE,house_number,156,Q,93321819
537,1825,2013-12-30,2013,4,December,51,2,4,LARCENY-FROM VEHICLE,house_number,157,J,133640751
538,2038,2014-07-31,2014,3,July,57,2,56,ROBBERY-RESIDENCE,amenity,69,D,142123119
539,1395,2012-10-26,2012,4,October,52,3,2,AUTO THEFT,house_number,108,X,123000110
540,1081,2011-12-17,2011,4,December,49,5,36,LARCENY-NON VEHICLE,tourism,33,M,113510424
541,281,2009-10-08,2009,4,October,47,4,3,BURGLARY-RESIDENCE,house_number,49,P,92811938
542,17,2009-01-17,2009,1,January,19,4,3,BURGLARY-RESIDENCE,house_number,126,I,90171243
543,2508,2015-11-13,2015,4,November,36,5,4,LARCENY-FROM VEHICLE,house_number,16,E,153170859
544,520,2010-06-04,2010,2,June,41,2,4,LARCENY-FROM VEHICLE,house_number,147,E,101550671
545,1097,2012-01-02,2012,1,January,42,2,12,LARCENY-FROM VEHICLE,road,130,B,120021753
546,658,2010-10-20,2010,4,October,62,5,5,LARCENY-FROM VEHICLE,building,16,E,102930619
547,2214,2015-01-23,2015,1,January,48,2,4,LARCENY-FROM VEHICLE,house_number,42,B,150230743
548,1560,2013-04-09,2013,2,April,71,4,31,LARCENY-FROM VEHICLE,leisure,93,R,130991541
549,2927,2017-01-05,2017,1,January,18,3,4,LARCENY-FROM VEHICLE,house_number,158,Y,170050735
550,1592,2013-05-11,2013,2,May,44,3,3,BURGLARY-RESIDENCE,house_number,48,Z,131310196
551,2174,2014-12-14,2014,4,December,58,4,10,AGG ASSAULT,house_number,78,T,143481960
552,316,2009-11-12,2009,4,November,36,5,4,LARCENY-FROM VEHICLE,house_number,16,E,93161800
553,2765,2016-07-27,2016,3,July,66,2,2,AUTO THEFT,house_number,86,F,162090118
554,518,2010-06-02,2010,2,June,57,2,20,AUTO THEFT,amenity,91,D,101530508
555,1560,2013-04-09,2013,2,April,39,6,4,LARCENY-FROM VEHICLE,house_number,40,O,130990506
556,876,2011-05-26,2011,2,May,15,6,3,BURGLARY-RESIDENCE,house_number,15,O,111461587
557,48,2009-02-17,2009,1,February,74,6,40,AUTO THEFT,building,74,M,90480615
